{
    "name": "root",
    "gauges": {
        "FishSF.Policy.Entropy.mean": {
            "value": 1.3999558687210083,
            "min": 1.3999558687210083,
            "max": 1.4169280529022217,
            "count": 13
        },
        "FishSF.Policy.Entropy.sum": {
            "value": 13439.576171875,
            "min": 6801.2548828125,
            "max": 20052.408203125,
            "count": 13
        },
        "FishSF.Environment.EpisodeLength.mean": {
            "value": 478.0,
            "min": 25.0,
            "max": 478.0,
            "count": 3
        },
        "FishSF.Environment.EpisodeLength.sum": {
            "value": 478.0,
            "min": 75.0,
            "max": 478.0,
            "count": 3
        },
        "FishSF.Environment.LessonNumber.food_cluster.mean": {
            "value": 1.0,
            "min": 1.0,
            "max": 1.0,
            "count": 13
        },
        "FishSF.Environment.LessonNumber.food_cluster.sum": {
            "value": 1.0,
            "min": 1.0,
            "max": 1.0,
            "count": 13
        },
        "FishSF.Step.mean": {
            "value": 749996.0,
            "min": 629986.0,
            "max": 749996.0,
            "count": 13
        },
        "FishSF.Step.sum": {
            "value": 749996.0,
            "min": 629986.0,
            "max": 749996.0,
            "count": 13
        },
        "FishSF.Policy.ExtrinsicValueEstimate.mean": {
            "value": -4.560431003570557,
            "min": -12.377577781677246,
            "max": -4.560431003570557,
            "count": 13
        },
        "FishSF.Policy.ExtrinsicValueEstimate.sum": {
            "value": -715.9876708984375,
            "min": -1860.447509765625,
            "max": -284.6842956542969,
            "count": 13
        },
        "FishSF.Policy.CuriosityValueEstimate.mean": {
            "value": 0.04231676086783409,
            "min": 0.04178581014275551,
            "max": 0.3501303195953369,
            "count": 13
        },
        "FishSF.Policy.CuriosityValueEstimate.sum": {
            "value": 6.643731594085693,
            "min": 6.518586158752441,
            "max": 46.668006896972656,
            "count": 13
        },
        "FishSF.Environment.CumulativeReward.mean": {
            "value": -116.30000042915344,
            "min": -116.30000042915344,
            "max": -101.60000050067902,
            "count": 3
        },
        "FishSF.Environment.CumulativeReward.sum": {
            "value": -116.30000042915344,
            "min": -321.1000061035156,
            "max": -116.30000042915344,
            "count": 3
        },
        "FishSF.Policy.ExtrinsicReward.mean": {
            "value": -116.30000042915344,
            "min": -116.30000042915344,
            "max": -101.60000050067902,
            "count": 3
        },
        "FishSF.Policy.ExtrinsicReward.sum": {
            "value": -116.30000042915344,
            "min": -321.1000061035156,
            "max": -116.30000042915344,
            "count": 3
        },
        "FishSF.Policy.CuriosityReward.mean": {
            "value": 1.3890561684966087,
            "min": 0.0,
            "max": 1.3890561684966087,
            "count": 3
        },
        "FishSF.Policy.CuriosityReward.sum": {
            "value": 1.3890561684966087,
            "min": 0.0,
            "max": 1.3890561684966087,
            "count": 3
        },
        "FishSF.IsTraining.mean": {
            "value": 1.0,
            "min": 1.0,
            "max": 1.0,
            "count": 13
        },
        "FishSF.IsTraining.sum": {
            "value": 1.0,
            "min": 1.0,
            "max": 1.0,
            "count": 13
        },
        "FishSF.Losses.PolicyLoss.mean": {
            "value": 0.021742660674222168,
            "min": 0.021277091609170802,
            "max": 0.028489921064603897,
            "count": 8
        },
        "FishSF.Losses.PolicyLoss.sum": {
            "value": 0.021742660674222168,
            "min": 0.021277091609170802,
            "max": 0.028489921064603897,
            "count": 8
        },
        "FishSF.Losses.ValueLoss.mean": {
            "value": 0.4802393303031013,
            "min": 0.4180546644188109,
            "max": 12.037333133893135,
            "count": 8
        },
        "FishSF.Losses.ValueLoss.sum": {
            "value": 0.4802393303031013,
            "min": 0.4180546644188109,
            "max": 12.037333133893135,
            "count": 8
        },
        "FishSF.Policy.LearningRate.mean": {
            "value": 0.00018845103718300002,
            "min": 0.00018845103718300002,
            "max": 0.00020356608214465005,
            "count": 8
        },
        "FishSF.Policy.LearningRate.sum": {
            "value": 0.00018845103718300002,
            "min": 0.00018845103718300002,
            "max": 0.00020356608214465005,
            "count": 8
        },
        "FishSF.Policy.Epsilon.mean": {
            "value": 0.16281700000000002,
            "min": 0.16281700000000002,
            "max": 0.16785535000000001,
            "count": 8
        },
        "FishSF.Policy.Epsilon.sum": {
            "value": 0.16281700000000002,
            "min": 0.16281700000000002,
            "max": 0.16785535000000001,
            "count": 8
        },
        "FishSF.Policy.Beta.mean": {
            "value": 0.003144568300000001,
            "min": 0.003144568300000001,
            "max": 0.0033959819650000002,
            "count": 8
        },
        "FishSF.Policy.Beta.sum": {
            "value": 0.003144568300000001,
            "min": 0.003144568300000001,
            "max": 0.0033959819650000002,
            "count": 8
        },
        "FishSF.Losses.CuriosityForwardLoss.mean": {
            "value": 0.021782141666681992,
            "min": 0.021782141666681992,
            "max": 0.24894497868342277,
            "count": 8
        },
        "FishSF.Losses.CuriosityForwardLoss.sum": {
            "value": 0.021782141666681992,
            "min": 0.021782141666681992,
            "max": 0.24894497868342277,
            "count": 8
        },
        "FishSF.Losses.CuriosityInverseLoss.mean": {
            "value": 0.4958496597551164,
            "min": 0.4697979993763424,
            "max": 0.8496580383716485,
            "count": 8
        },
        "FishSF.Losses.CuriosityInverseLoss.sum": {
            "value": 0.4958496597551164,
            "min": 0.4697979993763424,
            "max": 0.8496580383716485,
            "count": 8
        },
        "FishSF.Agent.avgGroupSize.mean": {
            "value": 15.0,
            "min": 9.375,
            "max": 25.0,
            "count": 4
        },
        "FishSF.Agent.avgGroupSize.sum": {
            "value": 15.0,
            "min": 9.375,
            "max": 25.0,
            "count": 4
        },
        "FishSF.Agent.maximumGroupSize.mean": {
            "value": 60.0,
            "min": 60.0,
            "max": 67.0,
            "count": 4
        },
        "FishSF.Agent.maximumGroupSize.sum": {
            "value": 60.0,
            "min": 60.0,
            "max": 67.0,
            "count": 4
        },
        "FishSF.Agent.TotalScore.mean": {
            "value": -4085.210205078125,
            "min": -4085.210205078125,
            "max": -1770.859375,
            "count": 4
        },
        "FishSF.Agent.TotalScore.sum": {
            "value": -4085.210205078125,
            "min": -4085.210205078125,
            "max": -1770.859375,
            "count": 4
        },
        "FishSF.Agent.TotalWallHit.mean": {
            "value": 26.0,
            "min": 0.0,
            "max": 26.0,
            "count": 4
        },
        "FishSF.Agent.TotalWallHit.sum": {
            "value": 26.0,
            "min": 0.0,
            "max": 26.0,
            "count": 4
        },
        "FishSF.Agent.TotalAgentHit.mean": {
            "value": 530.0,
            "min": 228.0,
            "max": 530.0,