{
    "name": "root",
    "gauges": {
        "FishSF.Policy.Entropy.mean": {
            "value": 1.410778284072876,
            "min": 1.4107160568237305,
            "max": 1.4392706155776978,
            "count": 173
        },
        "FishSF.Policy.Entropy.sum": {
            "value": 13543.4716796875,
            "min": 13543.43359375,
            "max": 20374.138671875,
            "count": 173
        },
        "FishSF.Environment.LessonNumber.food_cluster.mean": {
            "value": 1.0,
            "min": 0.0,
            "max": 1.0,
            "count": 173
        },
        "FishSF.Environment.LessonNumber.food_cluster.sum": {
            "value": 1.0,
            "min": 0.0,
            "max": 1.0,
            "count": 173
        },
        "FishSF.Environment.EpisodeLength.mean": {
            "value": 10518.0,
            "min": 31.75,
            "max": 10518.0,
            "count": 45
        },
        "FishSF.Environment.EpisodeLength.sum": {
            "value": 63108.0,
            "min": 127.0,
            "max": 63108.0,
            "count": 45
        },
        "FishSF.Step.mean": {
            "value": 1999971.0,
            "min": 279958.0,
            "max": 1999971.0,
            "count": 173
        },
        "FishSF.Step.sum": {
            "value": 1999971.0,
            "min": 279958.0,
            "max": 1999971.0,
            "count": 173
        },
        "FishSF.Policy.ExtrinsicValueEstimate.mean": {
            "value": -0.8427895903587341,
            "min": -11.575857162475586,
            "max": 0.0708652138710022,
            "count": 173
        },
        "FishSF.Policy.ExtrinsicValueEstimate.sum": {
            "value": -131.4751739501953,
            "min": -1805.833740234375,
            "max": 11.054973602294922,
            "count": 173
        },
        "FishSF.Policy.CuriosityValueEstimate.mean": {
            "value": 0.11501192301511765,
            "min": -0.014843775890767574,
            "max": 0.6660435795783997,
            "count": 173
        },
        "FishSF.Policy.CuriosityValueEstimate.sum": {
            "value": 17.94186019897461,
            "min": -2.315629005432129,
            "max": 75.41111755371094,
            "count": 173
        },
        "FishSF.Environment.CumulativeReward.mean": {
            "value": -358.61667105555534,
            "min": -615.9000005126,
            "max": -89.59999984502792,
            "count": 45
        },
        "FishSF.Environment.CumulativeReward.sum": {
            "value": -2151.700026333332,
            "min": -4242.300018250942,
            "max": -89.59999984502792,
            "count": 45
        },
        "FishSF.Policy.ExtrinsicReward.mean": {
            "value": -358.61667105555534,
            "min": -615.9000005126,
            "max": -89.59999984502792,
            "count": 45
        },
        "FishSF.Policy.ExtrinsicReward.sum": {
            "value": -2151.700026333332,
            "min": -4242.300018250942,
            "max": -89.59999984502792,
            "count": 45
        },
        "FishSF.Policy.CuriosityReward.mean": {
            "value": 8.996674496680498,
            "min": 0.0,
            "max": 15.47582565434277,
            "count": 45
        },
        "FishSF.Policy.CuriosityReward.sum": {
            "value": 53.98004698008299,
            "min": 0.0,
            "max": 103.38504882156849,
            "count": 45
        },
        "FishSF.IsTraining.mean": {
            "value": 1.0,
            "min": 1.0,
            "max": 1.0,
            "count": 173
        },
        "FishSF.IsTraining.sum": {
            "value": 1.0,
            "min": 1.0,
            "max": 1.0,
            "count": 173
        },
        "FishSF.Losses.PolicyLoss.mean": {
            "value": 0.016787848590562742,
            "min": 0.014820095128379762,
            "max": 0.03324802819018562,
            "count": 144
        },
        "FishSF.Losses.PolicyLoss.sum": {
            "value": 0.016787848590562742,
            "min": 0.014820095128379762,
            "max": 0.03324802819018562,
            "count": 144
        },
        "FishSF.Losses.ValueLoss.mean": {
            "value": 1.2452612519264221,
            "min": 0.18070619602998098,
            "max": 22.169697856903078,
            "count": 144
        },
        "FishSF.Losses.ValueLoss.sum": {
            "value": 1.2452612519264221,
            "min": 0.18070619602998098,
            "max": 22.169697856903078,
            "count": 144
        },
        "FishSF.Policy.LearningRate.mean": {
            "value": 1.060449646549999e-06,
            "min": 1.060449646549999e-06,
            "max": 0.0002566047144651001,
            "count": 144
        },
        "FishSF.Policy.LearningRate.sum": {
            "value": 1.060449646549999e-06,
            "min": 1.060449646549999e-06,
            "max": 0.0002566047144651001,
            "count": 144
        },
        "FishSF.Policy.Epsilon.mean": {
            "value": 0.10035345000000001,
            "min": 0.10035345000000001,
            "max": 0.18553490000000009,
            "count": 144
        },
        "FishSF.Policy.Epsilon.sum": {
            "value": 0.10035345000000001,
            "min": 0.10035345000000001,
            "max": 0.18553490000000009,
            "count": 144
        },
        "FishSF.Policy.Beta.mean": {
            "value": 2.7637154999999984e-05,
            "min": 2.7637154999999984e-05,
            "max": 0.00427819151,
            "count": 144
        },
        "FishSF.Policy.Beta.sum": {
            "value": 2.7637154999999984e-05,
            "min": 2.7637154999999984e-05,
            "max": 0.00427819151,
            "count": 144
        },
        "FishSF.Losses.CuriosityForwardLoss.mean": {
            "value": 0.02778583796073993,
            "min": 0.01726440783767473,
            "max": 0.4575033134374863,
            "count": 144
        },
        "FishSF.Losses.CuriosityForwardLoss.sum": {
            "value": 0.02778583796073993,
            "min": 0.01726440783767473,
            "max": 0.4575033134374863,
            "count": 144
        },
        "FishSF.Losses.CuriosityInverseLoss.mean": {
            "value": 0.3904332212275929,
            "min": 0.22383642047643662,
            "max": 1.454081186881432,
            "count": 144
        },
        "FishSF.Losses.CuriosityInverseLoss.sum": {
            "value": 0.3904332212275929,
            "min": 0.22383642047643662,
            "max": 1.454081186881432,
            "count": 144
        },
        "FishSF.Agent.avgGroupSize.mean": {
            "value": 4.411764621734619,
            "min": 2.777777671813965,
            "max": 75.0,
            "count": 69
        },
        "FishSF.Agent.avgGroupSize.sum": {
            "value": 4.411764621734619,
            "min": 2.777777671813965,
            "max": 75.0,
            "count": 69
        },
        "FishSF.Agent.maximumGroupSize.mean": {
            "value": 18.0,
            "min": 16.0,
            "max": 75.0,
            "count": 69
        },
        "FishSF.Agent.maximumGroupSize.sum": {
            "value": 18.0,
            "min": 16.0,
            "max": 75.0,
            "count": 69
        },
        "FishSF.Agent.TotalScore.mean": {
            "value": -21001.634765625,
            "min": -43907.4375,
            "max": -1081.5885009765625,
            "count": 69
        },
        "FishSF.Agent.TotalScore.sum": {
            "value": -21001.634765625,
            "min": -43907.4375,
            "max": -1081.5885009765625,
            "count": 69
        },
        "FishSF.Agent.AverageScore.mean": {
            "value": -280.02178955078125,
            "min": -585.4324951171875,
            "max": -14.42117977142334,
            "count": 69
        },
        "FishSF.Agent.AverageScore.sum": {
            "value": -280.02178955078125,
            "min": -585.4324951171875,
            "max": -14.42117977142334,