{
    "name": "root",
    "gauges": {
        "FishSF.Policy.Entropy.mean": {
            "value": 1.3079338073730469,
            "min": 1.3079338073730469,
            "max": 1.424267053604126,
            "count": 160
        },
        "FishSF.Policy.Entropy.sum": {
            "value": 12556.1640625,
            "min": 12556.1640625,
            "max": 20432.7109375,
            "count": 160
        },
        "FishSF.Environment.LessonNumber.food_cluster.mean": {
            "value": 2.0,
            "min": 0.0,
            "max": 2.0,
            "count": 160
        },
        "FishSF.Environment.LessonNumber.food_cluster.sum": {
            "value": 2.0,
            "min": 0.0,
            "max": 2.0,
            "count": 160
        },
        "FishSF.Environment.EpisodeLength.mean": {
            "value": 6592.0,
            "min": 25.1,
            "max": 6592.0,
            "count": 26
        },
        "FishSF.Environment.EpisodeLength.sum": {
            "value": 6592.0,
            "min": 251.0,
            "max": 50711.0,
            "count": 26
        },
        "FishSF.Step.mean": {
            "value": 1599984.0,
            "min": 9989.0,
            "max": 1599984.0,
            "count": 160
        },
        "FishSF.Step.sum": {
            "value": 1599984.0,
            "min": 9989.0,
            "max": 1599984.0,
            "count": 160
        },
        "FishSF.Policy.ExtrinsicValueEstimate.mean": {
            "value": -13.776845932006836,
            "min": -28.242311477661133,
            "max": -1.31937575340271,
            "count": 160
        },
        "FishSF.Policy.ExtrinsicValueEstimate.sum": {
            "value": -2162.96484375,
            "min": -4434.04296875,
            "max": -213.73887634277344,
            "count": 160
        },
        "FishSF.Policy.CuriosityValueEstimate.mean": {
            "value": 0.0452326163649559,
            "min": -0.4601016044616699,
            "max": 1.2494337558746338,
            "count": 160
        },
        "FishSF.Policy.CuriosityValueEstimate.sum": {
            "value": 7.101520538330078,
            "min": -71.77584838867188,
            "max": 196.16110229492188,
            "count": 160
        },
        "FishSF.Environment.CumulativeReward.mean": {
            "value": -137.20000177621841,
            "min": -403.7000032067299,
            "max": -98.82000081539154,
            "count": 26
        },
        "FishSF.Environment.CumulativeReward.sum": {
            "value": -137.20000177621841,
            "min": -4625.200019240379,
            "max": -116.50000047683716,
            "count": 26
        },
        "FishSF.Policy.ExtrinsicReward.mean": {
            "value": -137.20000177621841,
            "min": -403.7000032067299,
            "max": -98.82000081539154,
            "count": 26
        },
        "FishSF.Policy.ExtrinsicReward.sum": {
            "value": -137.20000177621841,
            "min": -4625.200019240379,
            "max": -116.50000047683716,
            "count": 26
        },
        "FishSF.Policy.CuriosityReward.mean": {
            "value": 9.992759052664042,
            "min": 0.0,
            "max": 57.98223116248846,
            "count": 26
        },
        "FishSF.Policy.CuriosityReward.sum": {
            "value": 9.992759052664042,
            "min": 0.0,
            "max": 316.3399259019643,
            "count": 26
        },
        "FishSF.IsTraining.mean": {
            "value": 1.0,
            "min": 1.0,
            "max": 1.0,
            "count": 160
        },
        "FishSF.IsTraining.sum": {
            "value": 1.0,
            "min": 1.0,
            "max": 1.0,
            "count": 160
        },
        "FishSF.Losses.PolicyLoss.mean": {
            "value": 0.020687611230338614,
            "min": 0.015376130724325776,
            "max": 0.03451414533580343,
            "count": 131
        },
        "FishSF.Losses.PolicyLoss.sum": {
            "value": 0.020687611230338614,
            "min": 0.015376130724325776,
            "max": 0.03451414533580343,
            "count": 131
        },
        "FishSF.Losses.ValueLoss.mean": {
            "value": 5.094708953584943,
            "min": 0.3140962127418745,
            "max": 31.652494939168296,
            "count": 131
        },
        "FishSF.Losses.ValueLoss.sum": {
            "value": 5.094708953584943,
            "min": 0.3140962127418745,
            "max": 31.652494939168296,
            "count": 131
        },
        "FishSF.Policy.LearningRate.mean": {
            "value": 6.11928796024e-05,
            "min": 6.11928796024e-05,
            "max": 0.00029788725070424983,
            "count": 131
        },
        "FishSF.Policy.LearningRate.sum": {
            "value": 6.11928796024e-05,
            "min": 6.11928796024e-05,
            "max": 0.00029788725070424983,
            "count": 131
        },
        "FishSF.Policy.Epsilon.mean": {
            "value": 0.12039760000000004,
            "min": 0.12039760000000004,
            "max": 0.19929575000000005,
            "count": 131
        },
        "FishSF.Policy.Epsilon.sum": {
            "value": 0.12039760000000004,
            "min": 0.12039760000000004,
            "max": 0.19929575000000005,
            "count": 131
        },
        "FishSF.Policy.Beta.mean": {
            "value": 0.0010278402400000003,
            "min": 0.0010278402400000003,
            "max": 0.004964857925000002,
            "count": 131
        },
        "FishSF.Policy.Beta.sum": {
            "value": 0.0010278402400000003,
            "min": 0.0010278402400000003,
            "max": 0.004964857925000002,
            "count": 131
        },
        "FishSF.Losses.CuriosityForwardLoss.mean": {
            "value": 0.016433554102799723,
            "min": 0.013106784379730622,
            "max": 39.38804661921966,
            "count": 131
        },
        "FishSF.Losses.CuriosityForwardLoss.sum": {
            "value": 0.016433554102799723,
            "min": 0.013106784379730622,
            "max": 39.38804661921966,
            "count": 131
        },
        "FishSF.Losses.CuriosityInverseLoss.mean": {
            "value": 0.5621459413142431,
            "min": 0.3991929719845454,
            "max": 2.005486528078715,
            "count": 131
        },
        "FishSF.Losses.CuriosityInverseLoss.sum": {
            "value": 0.5621459413142431,
            "min": 0.3991929719845454,
            "max": 2.005486528078715,
            "count": 131
        },
        "FishSF.Agent.avgGroupSize.mean": {
            "value": 75.0,
            "min": 5.357142925262451,
            "max": 75.0,
            "count": 64
        },
        "FishSF.Agent.avgGroupSize.sum": {
            "value": 75.0,
            "min": 5.357142925262451,
            "max": 75.0,
            "count": 64
        },
        "FishSF.Agent.maximumGroupSize.mean": {
            "value": 75.0,
            "min": 21.0,
            "max": 75.0,
            "count": 64
        },
        "FishSF.Agent.maximumGroupSize.sum": {
            "value": 75.0,
            "min": 21.0,
            "max": 75.0,
            "count": 64
        },
        "FishSF.Agent.TotalScore.mean": {
            "value": -22329.228515625,
            "min": -126955.5703125,
            "max": -1609.33056640625,
            "count": 64
        },
        "FishSF.Agent.TotalScore.sum": {
            "value": -22329.228515625,
            "min": -126955.5703125,
            "max": -1609.33056640625,
            "count": 64
        },
        "FishSF.Agent.TotalWallHit.mean": {
            "value": 880.0,
            "min": 27.0,
            "max": 880.0,
            "count": 64
        },
        "FishSF.Agent.TotalWallHit.sum": {
            "value": 880.0,
            "min": 27.0,
            "max": 880.0,
            "count": 64
        },
        "FishSF.Agent.TotalAgentHit.mean": {
            "value": 46386.0,
            "min": 420.0,