{
    "name": "root",
    "gauges": {
        "FishSF.Policy.Entropy.mean": {
            "value": 1.4146143198013306,
            "min": 1.411840558052063,
            "max": 1.4287878274917603,
            "count": 44
        },
        "FishSF.Policy.Entropy.sum": {
            "value": 13580.2978515625,
            "min": 13558.984375,
            "max": 20557.314453125,
            "count": 44
        },
        "FishSF.Environment.LessonNumber.food_cluster.mean": {
            "value": 1.0,
            "min": 1.0,
            "max": 1.0,
            "count": 44
        },
        "FishSF.Environment.LessonNumber.food_cluster.sum": {
            "value": 1.0,
            "min": 1.0,
            "max": 1.0,
            "count": 44
        },
        "FishSF.Environment.EpisodeLength.mean": {
            "value": 3444.3333333333335,
            "min": 31.8,
            "max": 5701.0,
            "count": 30
        },
        "FishSF.Environment.EpisodeLength.sum": {
            "value": 10333.0,
            "min": 159.0,
            "max": 19000.0,
            "count": 30
        },
        "FishSF.Step.mean": {
            "value": 1139937.0,
            "min": 709955.0,
            "max": 1139937.0,
            "count": 44
        },
        "FishSF.Step.sum": {
            "value": 1139937.0,
            "min": 709955.0,
            "max": 1139937.0,
            "count": 44
        },
        "FishSF.Policy.ExtrinsicValueEstimate.mean": {
            "value": -4.663570880889893,
            "min": -14.29865550994873,
            "max": -2.0457940101623535,
            "count": 44
        },
        "FishSF.Policy.ExtrinsicValueEstimate.sum": {
            "value": -727.5170288085938,
            "min": -2287.784912109375,
            "max": -319.14385986328125,
            "count": 44
        },
        "FishSF.Policy.CuriosityValueEstimate.mean": {
            "value": 0.09898025542497635,
            "min": 0.07670975476503372,
            "max": 0.19536224007606506,
            "count": 44
        },
        "FishSF.Policy.CuriosityValueEstimate.sum": {
            "value": 15.440919876098633,
            "min": 12.125720977783203,
            "max": 31.062597274780273,
            "count": 44
        },
        "FishSF.Environment.CumulativeReward.mean": {
            "value": -252.20000392198563,
            "min": -563.4000045657158,
            "max": -83.1499999165535,
            "count": 30
        },
        "FishSF.Environment.CumulativeReward.sum": {
            "value": -756.6000117659569,
            "min": -2744.1000279188156,
            "max": -108.40000027418137,
            "count": 30
        },
        "FishSF.Policy.ExtrinsicReward.mean": {
            "value": -252.20000392198563,
            "min": -563.4000045657158,
            "max": -83.1499999165535,
            "count": 30
        },
        "FishSF.Policy.ExtrinsicReward.sum": {
            "value": -756.6000117659569,
            "min": -2744.1000279188156,
            "max": -108.40000027418137,
            "count": 30
        },
        "FishSF.Policy.CuriosityReward.mean": {
            "value": 2.765477992283801,
            "min": 0.0,
            "max": 7.035544903948903,
            "count": 30
        },
        "FishSF.Policy.CuriosityReward.sum": {
            "value": 8.296433976851404,
            "min": 0.0,
            "max": 21.330538257956505,
            "count": 30
        },
        "FishSF.IsTraining.mean": {
            "value": 1.0,
            "min": 1.0,
            "max": 1.0,
            "count": 44
        },
        "FishSF.IsTraining.sum": {
            "value": 1.0,
            "min": 1.0,
            "max": 1.0,
            "count": 44
        },
        "FishSF.Losses.PolicyLoss.mean": {
            "value": 0.02113115633837879,
            "min": 0.019128267893172575,
            "max": 0.03316186227214833,
            "count": 38
        },
        "FishSF.Losses.PolicyLoss.sum": {
            "value": 0.02113115633837879,
            "min": 0.019128267893172575,
            "max": 0.03316186227214833,
            "count": 38
        },
        "FishSF.Losses.ValueLoss.mean": {
            "value": 6.701873215039571,
            "min": 0.59207863509655,
            "max": 15.969076538085938,
            "count": 38
        },
        "FishSF.Losses.ValueLoss.sum": {
            "value": 6.701873215039571,
            "min": 0.59207863509655,
            "max": 15.969076538085938,
            "count": 38
        },
        "FishSF.Policy.LearningRate.mean": {
            "value": 0.00012947855684050002,
            "min": 0.00012947855684050002,
            "max": 0.00019285398571535005,
            "count": 38
        },
        "FishSF.Policy.LearningRate.sum": {
            "value": 0.00012947855684050002,
            "min": 0.00012947855684050002,
            "max": 0.00019285398571535005,
            "count": 38
        },
        "FishSF.Policy.Epsilon.mean": {
            "value": 0.1431595,
            "min": 0.1431595,
            "max": 0.16428464999999998,
            "count": 38
        },
        "FishSF.Policy.Epsilon.sum": {
            "value": 0.1431595,
            "min": 0.1431595,
            "max": 0.16428464999999998,
            "count": 38
        },
        "FishSF.Policy.Beta.mean": {
            "value": 0.0021636590500000003,
            "min": 0.0021636590500000003,
            "max": 0.0032178040349999993,
            "count": 38
        },
        "FishSF.Policy.Beta.sum": {
            "value": 0.0021636590500000003,
            "min": 0.0021636590500000003,
            "max": 0.0032178040349999993,
            "count": 38
        },
        "FishSF.Losses.CuriosityForwardLoss.mean": {
            "value": 0.034106579857567945,
            "min": 0.026170975094040237,
            "max": 0.2514990931138014,
            "count": 38
        },
        "FishSF.Losses.CuriosityForwardLoss.sum": {
            "value": 0.034106579857567945,
            "min": 0.026170975094040237,
            "max": 0.2514990931138014,
            "count": 38
        },
        "FishSF.Losses.CuriosityInverseLoss.mean": {
            "value": 0.21682968884706497,
            "min": 0.1805605168143908,
            "max": 1.588490605354309,
            "count": 38
        },
        "FishSF.Losses.CuriosityInverseLoss.sum": {
            "value": 0.21682968884706497,
            "min": 0.1805605168143908,
            "max": 1.588490605354309,
            "count": 38
        },
        "FishSF.Agent.avgGroupSize.mean": {
            "value": 4.166666507720947,
            "min": 3.409090995788574,
            "max": 18.75,
            "count": 17
        },
        "FishSF.Agent.avgGroupSize.sum": {
            "value": 4.166666507720947,
            "min": 3.409090995788574,
            "max": 18.75,
            "count": 17
        },
        "FishSF.Agent.maximumGroupSize.mean": {
            "value": 18.0,
            "min": 14.0,
            "max": 57.0,
            "count": 17
        },
        "FishSF.Agent.maximumGroupSize.sum": {
            "value": 18.0,
            "min": 14.0,
            "max": 57.0,
            "count": 17
        },
        "FishSF.Agent.TotalScore.mean": {
            "value": -31644.046875,
            "min": -31644.046875,
            "max": -2100.048583984375,
            "count": 17
        },
        "FishSF.Agent.TotalScore.sum": {
            "value": -31644.046875,
            "min": -31644.046875,
            "max": -2100.048583984375,
            "count": 17
        },
        "FishSF.Agent.AverageScore.mean": {
            "value": -421.9206237792969,
            "min": -421.9206237792969,
            "max": -28.000648498535156,
            "count": 17
        },
        "FishSF.Agent.AverageScore.sum": {
            "value": -421.9206237792969,
            "min": -421.9206237792969,
            "max": -28.000648498535156,
            "count": 17
        },