{
    "name": "root",
    "gauges": {
        "FishSF.Policy.Entropy.mean": {
            "value": 1.4210522174835205,
            "min": 1.4189263582229614,
            "max": 1.4305676221847534,
            "count": 200
        },
        "FishSF.Policy.Entropy.sum": {
            "value": 13642.1015625,
            "min": 13621.693359375,
            "max": 20535.80859375,
            "count": 200
        },
        "FishSF.Environment.LessonNumber.food_cluster.mean": {
            "value": 1.0,
            "min": 0.0,
            "max": 1.0,
            "count": 200
        },
        "FishSF.Environment.LessonNumber.food_cluster.sum": {
            "value": 1.0,
            "min": 0.0,
            "max": 1.0,
            "count": 200
        },
        "FishSF.Environment.EpisodeLength.mean": {
            "value": 12703.0,
            "min": 46.166666666666664,
            "max": 12703.0,
            "count": 59
        },
        "FishSF.Environment.EpisodeLength.sum": {
            "value": 12703.0,
            "min": 195.0,
            "max": 69198.0,
            "count": 59
        },
        "FishSF.Step.mean": {
            "value": 1999970.0,
            "min": 9974.0,
            "max": 1999970.0,
            "count": 200
        },
        "FishSF.Step.sum": {
            "value": 1999970.0,
            "min": 9974.0,
            "max": 1999970.0,
            "count": 200
        },
        "FishSF.Policy.ExtrinsicValueEstimate.mean": {
            "value": -2.4045186042785645,
            "min": -11.23035717010498,
            "max": 2.1116507053375244,
            "count": 200
        },
        "FishSF.Policy.ExtrinsicValueEstimate.sum": {
            "value": -375.10491943359375,
            "min": -1819.31787109375,
            "max": 331.5291748046875,
            "count": 200
        },
        "FishSF.Policy.CuriosityValueEstimate.mean": {
            "value": 0.11652447283267975,
            "min": 0.09462808072566986,
            "max": 6.542139053344727,
            "count": 200
        },
        "FishSF.Policy.CuriosityValueEstimate.sum": {
            "value": 18.177818298339844,
            "min": 14.761980056762695,
            "max": 1033.657958984375,
            "count": 200
        },
        "FishSF.Environment.CumulativeReward.mean": {
            "value": -149.70001310110092,
            "min": -678.5000069141388,
            "max": 31.399998128414154,
            "count": 59
        },
        "FishSF.Environment.CumulativeReward.sum": {
            "value": -149.70001310110092,
            "min": -3643.200028538704,
            "max": 31.399998128414154,
            "count": 59
        },
        "FishSF.Policy.ExtrinsicReward.mean": {
            "value": -149.70001310110092,
            "min": -678.5000069141388,
            "max": 31.399998128414154,
            "count": 59
        },
        "FishSF.Policy.ExtrinsicReward.sum": {
            "value": -149.70001310110092,
            "min": -3643.200028538704,
            "max": 31.399998128414154,
            "count": 59
        },
        "FishSF.Policy.CuriosityReward.mean": {
            "value": 13.781369179487228,
            "min": 0.0,
            "max": 165.5831752307713,
            "count": 59
        },
        "FishSF.Policy.CuriosityReward.sum": {
            "value": 13.781369179487228,
            "min": 0.0,
            "max": 1026.4927363097668,
            "count": 59
        },
        "FishSF.IsTraining.mean": {
            "value": 1.0,
            "min": 1.0,
            "max": 1.0,
            "count": 200
        },
        "FishSF.IsTraining.sum": {
            "value": 1.0,
            "min": 1.0,
            "max": 1.0,
            "count": 200
        },
        "FishSF.Losses.PolicyLoss.mean": {
            "value": 0.023217198625206947,
            "min": 0.015229478338733315,
            "max": 0.03139725150540471,
            "count": 170
        },
        "FishSF.Losses.PolicyLoss.sum": {
            "value": 0.023217198625206947,
            "min": 0.015229478338733315,
            "max": 0.03139725150540471,
            "count": 170
        },
        "FishSF.Losses.ValueLoss.mean": {
            "value": 1.7402017076810201,
            "min": 0.058470178147157034,
            "max": 40.633303006490074,
            "count": 170
        },
        "FishSF.Losses.ValueLoss.sum": {
            "value": 1.7402017076810201,
            "min": 0.058470178147157034,
            "max": 40.633303006490074,
            "count": 170
        },
        "FishSF.Policy.LearningRate.mean": {
            "value": 1.5789994737000057e-06,
            "min": 1.5789994737000057e-06,
            "max": 0.0002979087006971001,
            "count": 170
        },
        "FishSF.Policy.LearningRate.sum": {
            "value": 1.5789994737000057e-06,
            "min": 1.5789994737000057e-06,
            "max": 0.0002979087006971001,
            "count": 170
        },
        "FishSF.Policy.Epsilon.mean": {
            "value": 0.10052629999999999,
            "min": 0.10052629999999999,
            "max": 0.19930290000000003,
            "count": 170
        },
        "FishSF.Policy.Epsilon.sum": {
            "value": 0.10052629999999999,
            "min": 0.10052629999999999,
            "max": 0.19930290000000003,
            "count": 170
        },
        "FishSF.Policy.Beta.mean": {
            "value": 3.6262370000000086e-05,
            "min": 3.6262370000000086e-05,
            "max": 0.0049652147100000005,
            "count": 170
        },
        "FishSF.Policy.Beta.sum": {
            "value": 3.6262370000000086e-05,
            "min": 3.6262370000000086e-05,
            "max": 0.0049652147100000005,
            "count": 170
        },
        "FishSF.Losses.CuriosityForwardLoss.mean": {
            "value": 0.04245858434587717,
            "min": 0.028026401730520383,
            "max": 150.0459372691619,
            "count": 170
        },
        "FishSF.Losses.CuriosityForwardLoss.sum": {
            "value": 0.04245858434587717,
            "min": 0.028026401730520383,
            "max": 150.0459372691619,
            "count": 170
        },
        "FishSF.Losses.CuriosityInverseLoss.mean": {
            "value": 0.5792778233687083,
            "min": 0.3733354022105535,
            "max": 2.6309973154312525,
            "count": 170
        },
        "FishSF.Losses.CuriosityInverseLoss.sum": {
            "value": 0.5792778233687083,
            "min": 0.3733354022105535,
            "max": 2.6309973154312525,
            "count": 170
        },
        "FishSF.Agent.avgGroupSize.mean": {
            "value": 6.25,
            "min": 3.125,
            "max": 37.5,
            "count": 80
        },
        "FishSF.Agent.avgGroupSize.sum": {
            "value": 6.25,
            "min": 3.125,
            "max": 37.5,
            "count": 80
        },
        "FishSF.Agent.maximumGroupSize.mean": {
            "value": 59.0,
            "min": 14.0,
            "max": 74.0,
            "count": 80
        },
        "FishSF.Agent.maximumGroupSize.sum": {
            "value": 59.0,
            "min": 14.0,
            "max": 74.0,
            "count": 80
        },
        "FishSF.Agent.TotalScore.mean": {
            "value": -8793.970703125,
            "min": -53849.3671875,
            "max": 222.9784698486328,
            "count": 80
        },
        "FishSF.Agent.TotalScore.sum": {
            "value": -8793.970703125,
            "min": -53849.3671875,
            "max": 222.9784698486328,
            "count": 80
        },
        "FishSF.Agent.AverageScore.mean": {
            "value": -117.25294494628906,
            "min": -717.9915771484375,
            "max": 2.97304630279541,
            "count": 80
        },
        "FishSF.Agent.AverageScore.sum": {
            "value": -117.25294494628906,
            "min": -717.9915771484375,
            "max": 2.97304630279541,
            "count": 80
        },