{
    "name": "root",
    "gauges": {
        "FishSF.Policy.Entropy.mean": {
            "value": 1.4271000623703003,
            "min": 1.4189382791519165,
            "max": 1.4368919134140015,
            "count": 45
        },
        "FishSF.Policy.Entropy.sum": {
            "value": 13914.2255859375,
            "min": 13643.681640625,
            "max": 18162.41015625,
            "count": 45
        },
        "FishSF.Environment.LessonNumber.food_cluster.mean": {
            "value": 0.0,
            "min": 0.0,
            "max": 0.0,
            "count": 45
        },
        "FishSF.Environment.LessonNumber.food_cluster.sum": {
            "value": 0.0,
            "min": 0.0,
            "max": 0.0,
            "count": 45
        },
        "FishSF.Environment.EpisodeLength.mean": {
            "value": 8622.0,
            "min": 91.4,
            "max": 8712.0,
            "count": 30
        },
        "FishSF.Environment.EpisodeLength.sum": {
            "value": 8622.0,
            "min": 188.0,
            "max": 33199.0,
            "count": 30
        },
        "FishSF.Step.mean": {
            "value": 449937.0,
            "min": 9998.0,
            "max": 449937.0,
            "count": 45
        },
        "FishSF.Step.sum": {
            "value": 449937.0,
            "min": 9998.0,
            "max": 449937.0,
            "count": 45
        },
        "FishSF.Policy.ExtrinsicValueEstimate.mean": {
            "value": 5.239466190338135,
            "min": -6.594579696655273,
            "max": 5.936417579650879,
            "count": 45
        },
        "FishSF.Policy.ExtrinsicValueEstimate.sum": {
            "value": 817.356689453125,
            "min": -1041.943603515625,
            "max": 932.017578125,
            "count": 45
        },
        "FishSF.Environment.CumulativeReward.mean": {
            "value": 305.7000053524971,
            "min": -374.74998512864113,
            "max": 305.7000053524971,
            "count": 30
        },
        "FishSF.Environment.CumulativeReward.sum": {
            "value": 305.7000053524971,
            "min": -1633.6500201523304,
            "max": 305.7000053524971,
            "count": 30
        },
        "FishSF.Policy.ExtrinsicReward.mean": {
            "value": 305.7000053524971,
            "min": -374.74998512864113,
            "max": 305.7000053524971,
            "count": 30
        },
        "FishSF.Policy.ExtrinsicReward.sum": {
            "value": 305.7000053524971,
            "min": -1633.6500201523304,
            "max": 305.7000053524971,
            "count": 30
        },
        "FishSF.IsTraining.mean": {
            "value": 1.0,
            "min": 1.0,
            "max": 1.0,
            "count": 45
        },
        "FishSF.IsTraining.sum": {
            "value": 1.0,
            "min": 1.0,
            "max": 1.0,
            "count": 45
        },
        "FishSF.Losses.PolicyLoss.mean": {
            "value": 0.028569567017257214,
            "min": 0.01789164464765539,
            "max": 0.0316347374037529,
            "count": 41
        },
        "FishSF.Losses.PolicyLoss.sum": {
            "value": 0.028569567017257214,
            "min": 0.01789164464765539,
            "max": 0.0316347374037529,
            "count": 41
        },
        "FishSF.Losses.ValueLoss.mean": {
            "value": 72.08661801020304,
            "min": 5.389667323141387,
            "max": 300.9082959493001,
            "count": 41
        },
        "FishSF.Losses.ValueLoss.sum": {
            "value": 72.08661801020304,
            "min": 5.389667323141387,
            "max": 300.9082959493001,
            "count": 41
        },
        "FishSF.Policy.LearningRate.mean": {
            "value": 0.0002733445288851599,
            "min": 0.0002733445288851599,
            "max": 0.0002992350002549999,
            "count": 41
        },
        "FishSF.Policy.LearningRate.sum": {
            "value": 0.0002733445288851599,
            "min": 0.0002733445288851599,
            "max": 0.0002992350002549999,
            "count": 41
        },
        "FishSF.Policy.Epsilon.mean": {
            "value": 0.19111484,
            "min": 0.19111484,
            "max": 0.199745,
            "count": 41
        },
        "FishSF.Policy.Epsilon.sum": {
            "value": 0.19111484,
            "min": 0.19111484,
            "max": 0.199745,
            "count": 41
        },
        "FishSF.Policy.Beta.mean": {
            "value": 0.0045566305159999996,
            "min": 0.0045566305159999996,
            "max": 0.0049872755,
            "count": 41
        },
        "FishSF.Policy.Beta.sum": {
            "value": 0.0045566305159999996,
            "min": 0.0045566305159999996,
            "max": 0.0049872755,
            "count": 41
        },
        "FishSF.Agent.avgGroupSize.mean": {
            "value": 2.5,
            "min": 1.3888888359069824,
            "max": 2.6315789222717285,
            "count": 27
        },
        "FishSF.Agent.avgGroupSize.sum": {
            "value": 2.5,
            "min": 1.3888888359069824,
            "max": 2.6315789222717285,
            "count": 27
        },
        "FishSF.Agent.maximumGroupSize.mean": {
            "value": 13.0,
            "min": 3.0,
            "max": 20.0,
            "count": 27
        },
        "FishSF.Agent.maximumGroupSize.sum": {
            "value": 13.0,
            "min": 3.0,
            "max": 20.0,
            "count": 27
        },
        "FishSF.Agent.TotalScore.mean": {
            "value": -2531.58349609375,
            "min": -11395.0791015625,
            "max": -1607.3387451171875,
            "count": 27
        },
        "FishSF.Agent.TotalScore.sum": {
            "value": -2531.58349609375,
            "min": -11395.0791015625,
            "max": -1607.3387451171875,
            "count": 27
        },
        "FishSF.Agent.TotalWallHit.mean": {
            "value": 410.0,
            "min": 26.0,
            "max": 410.0,
            "count": 27
        },
        "FishSF.Agent.TotalWallHit.sum": {
            "value": 410.0,
            "min": 26.0,
            "max": 410.0,
            "count": 27
        },
        "FishSF.Agent.TotalAgentHit.mean": {
            "value": 778.0,
            "min": 96.0,
            "max": 778.0,
            "count": 27
        },
        "FishSF.Agent.TotalAgentHit.sum": {
            "value": 778.0,
            "min": 96.0,
            "max": 778.0,
            "count": 27
        },
        "FishSF.Agent.avgNeighbors.mean": {
            "value": 2.5830774307250977,
            "min": 0.0,
            "max": 2.5930428504943848,
            "count": 27
        },
        "FishSF.Agent.avgNeighbors.sum": {
            "value": 2.5830774307250977,
            "min": 0.0,
            "max": 2.5930428504943848,
            "count": 27
        },
        "FishSF.Agent.FoodEaten.mean": {
            "value": 3166.0,
            "min": 138.0,
            "max": 3166.0,
            "count": 27
        },
        "FishSF.Agent.FoodEaten.sum": {
            "value": 3166.0,
            "min": 138.0,
            "max": 3166.0,
            "count": 27
        },
        "FishSF.Agent.TotalTimesEatenByPredator.mean": {
            "value": 59.0,
            "min": 6.0,
            "max": 59.0,
            "count": 27
        },
        "FishSF.Agent.TotalTimesEatenByPredator.sum": {
            "value": 59.0,
            "min": 6.0,
            "max": 59.0,
            "count": 27
        }
    },
    "metadata": {
        "timer_format_version": "0.1.0",
        "start_time_seconds": "1648813859",
        "python_version": "3.9.9 (tags/v3.9.9:ccb0e6a, Nov 15 2021, 18:08:50) [MSC v.1929 64 bit (AMD64)]",