{
    "name": "root",
    "gauges": {
        "FishSF.Policy.Entropy.mean": {
            "value": 1.4058438539505005,
            "min": 1.4058438539505005,
            "max": 1.4113469123840332,
            "count": 53
        },
        "FishSF.Policy.Entropy.sum": {
            "value": 13496.1005859375,
            "min": 6772.38134765625,
            "max": 17038.41796875,
            "count": 53
        },
        "FishSF.Environment.LessonNumber.food_cluster.mean": {
            "value": 1.0,
            "min": 1.0,
            "max": 1.0,
            "count": 53
        },
        "FishSF.Environment.LessonNumber.food_cluster.sum": {
            "value": 1.0,
            "min": 1.0,
            "max": 1.0,
            "count": 53
        },
        "FishSF.Environment.EpisodeLength.mean": {
            "value": 4314.25,
            "min": 16.875,
            "max": 4314.25,
            "count": 2
        },
        "FishSF.Environment.EpisodeLength.sum": {
            "value": 17257.0,
            "min": 135.0,
            "max": 17257.0,
            "count": 2
        },
        "FishSF.Step.mean": {
            "value": 1999997.0,
            "min": 1479952.0,
            "max": 1999997.0,
            "count": 53
        },
        "FishSF.Step.sum": {
            "value": 1999997.0,
            "min": 1479952.0,
            "max": 1999997.0,
            "count": 53
        },
        "FishSF.Policy.ExtrinsicValueEstimate.mean": {
            "value": -4.210999011993408,
            "min": -6.991584777832031,
            "max": -2.415111541748047,
            "count": 53
        },
        "FishSF.Policy.ExtrinsicValueEstimate.sum": {
            "value": -661.1268310546875,
            "min": -957.4578247070312,
            "max": -376.75738525390625,
            "count": 53
        },
        "FishSF.Policy.CuriosityValueEstimate.mean": {
            "value": 0.07083167880773544,
            "min": -0.06433659791946411,
            "max": 0.2434881180524826,
            "count": 53
        },
        "FishSF.Policy.CuriosityValueEstimate.sum": {
            "value": 11.120573043823242,
            "min": -10.03650951385498,
            "max": 16.557191848754883,
            "count": 53
        },
        "FishSF.Environment.CumulativeReward.mean": {
            "value": -310.0500019788742,
            "min": -310.0500019788742,
            "max": -98.3125,
            "count": 2
        },
        "FishSF.Environment.CumulativeReward.sum": {
            "value": -1240.2000079154968,
            "min": -1240.2000079154968,
            "max": -786.5,
            "count": 2
        },
        "FishSF.Policy.ExtrinsicReward.mean": {
            "value": -310.0500019788742,
            "min": -310.0500019788742,
            "max": -98.3125,
            "count": 2
        },
        "FishSF.Policy.ExtrinsicReward.sum": {
            "value": -1240.2000079154968,
            "min": -1240.2000079154968,
            "max": -786.5,
            "count": 2
        },
        "FishSF.Policy.CuriosityReward.mean": {
            "value": 3.197812811238691,
            "min": 0.0,
            "max": 3.197812811238691,
            "count": 2
        },
        "FishSF.Policy.CuriosityReward.sum": {
            "value": 12.791251244954765,
            "min": 0.0,
            "max": 12.791251244954765,
            "count": 2
        },
        "FishSF.IsTraining.mean": {
            "value": 1.0,
            "min": 1.0,
            "max": 1.0,
            "count": 53
        },
        "FishSF.IsTraining.sum": {
            "value": 1.0,
            "min": 1.0,
            "max": 1.0,
            "count": 53
        },
        "FishSF.Losses.PolicyLoss.mean": {
            "value": 0.0250236881741633,
            "min": 0.016211402225529865,
            "max": 0.029633728369401816,
            "count": 39
        },
        "FishSF.Losses.PolicyLoss.sum": {
            "value": 0.0250236881741633,
            "min": 0.016211402225529865,
            "max": 0.029633728369401816,
            "count": 39
        },
        "FishSF.Losses.ValueLoss.mean": {
            "value": 2.248236874739329,
            "min": 0.32856621593236923,
            "max": 13.150184399042374,
            "count": 39
        },
        "FishSF.Losses.ValueLoss.sum": {
            "value": 2.248236874739329,
            "min": 0.32856621593236923,
            "max": 13.150184399042374,
            "count": 39
        },
        "FishSF.Policy.LearningRate.mean": {
            "value": 8.069497310500036e-07,
            "min": 8.069497310500036e-07,
            "max": 7.65000745e-05,
            "count": 39
        },
        "FishSF.Policy.LearningRate.sum": {
            "value": 8.069497310500036e-07,
            "min": 8.069497310500036e-07,
            "max": 7.65000745e-05,
            "count": 39
        },
        "FishSF.Policy.Epsilon.mean": {
            "value": 0.10026894999999997,
            "min": 0.10026894999999997,
            "max": 0.12549999999999994,
            "count": 39
        },
        "FishSF.Policy.Epsilon.sum": {
            "value": 0.10026894999999997,
            "min": 0.10026894999999997,
            "max": 0.12549999999999994,
            "count": 39
        },
        "FishSF.Policy.Beta.mean": {
            "value": 2.3420605000000062e-05,
            "min": 2.3420605000000062e-05,
            "max": 0.0012824499999999996,
            "count": 39
        },
        "FishSF.Policy.Beta.sum": {
            "value": 2.3420605000000062e-05,
            "min": 2.3420605000000062e-05,
            "max": 0.0012824499999999996,
            "count": 39
        },
        "FishSF.Losses.CuriosityForwardLoss.mean": {
            "value": 0.017936149860421816,
            "min": 0.016563674279799063,
            "max": 0.15220719480361694,
            "count": 39
        },
        "FishSF.Losses.CuriosityForwardLoss.sum": {
            "value": 0.017936149860421816,
            "min": 0.016563674279799063,
            "max": 0.15220719480361694,
            "count": 39
        },
        "FishSF.Losses.CuriosityInverseLoss.mean": {
            "value": 0.5444218337535858,
            "min": 0.426690759403365,
            "max": 0.7144583585934762,
            "count": 39
        },
        "FishSF.Losses.CuriosityInverseLoss.sum": {
            "value": 0.5444218337535858,
            "min": 0.426690759403365,
            "max": 0.7144583585934762,
            "count": 39
        },
        "FishSF.Agent.avgGroupSize.mean": {
            "value": 37.5,
            "min": 6.818181991577148,
            "max": 37.5,
            "count": 21
        },
        "FishSF.Agent.avgGroupSize.sum": {
            "value": 37.5,
            "min": 6.818181991577148,
            "max": 37.5,
            "count": 21
        },
        "FishSF.Agent.maximumGroupSize.mean": {
            "value": 74.0,
            "min": 24.0,
            "max": 74.0,
            "count": 21
        },
        "FishSF.Agent.maximumGroupSize.sum": {
            "value": 74.0,
            "min": 24.0,
            "max": 74.0,
            "count": 21
        },
        "FishSF.Agent.TotalScore.mean": {
            "value": -21443.505859375,
            "min": -21443.505859375,
            "max": -1164.6995849609375,
            "count": 21
        },
        "FishSF.Agent.TotalScore.sum": {
            "value": -21443.505859375,
            "min": -21443.505859375,
            "max": -1164.6995849609375,
            "count": 21
        },
        "FishSF.Agent.AverageScore.mean": {
            "value": -285.9134216308594,
            "min": -285.9134216308594,
            "max": -15.529327392578125,
            "count": 21
        },
        "FishSF.Agent.AverageScore.sum": {
            "value": -285.9134216308594,
            "min": -285.9134216308594,
            "max": -15.529327392578125,
            "count": 21
        },