{
    "name": "root",
    "gauges": {
        "FishSF.Policy.Entropy.mean": {
            "value": 1.3356428146362305,
            "min": 1.3356428146362305,
            "max": 1.401611328125,
            "count": 73
        },
        "FishSF.Policy.Entropy.sum": {
            "value": 17096.228515625,
            "min": 4485.15625,
            "max": 17726.61328125,
            "count": 73
        },
        "FishSF.Environment.LessonNumber.food_cluster.mean": {
            "value": 0.0,
            "min": 0.0,
            "max": 0.0,
            "count": 73
        },
        "FishSF.Environment.LessonNumber.food_cluster.sum": {
            "value": 0.0,
            "min": 0.0,
            "max": 0.0,
            "count": 73
        },
        "FishSF.Step.mean": {
            "value": 969984.0,
            "min": 249984.0,
            "max": 969984.0,
            "count": 73
        },
        "FishSF.Step.sum": {
            "value": 969984.0,
            "min": 249984.0,
            "max": 969984.0,
            "count": 73
        },
        "FishSF.Policy.ExtrinsicValueEstimate.mean": {
            "value": 2.826167106628418,
            "min": -3.85002064704895,
            "max": 2.826167106628418,
            "count": 73
        },
        "FishSF.Policy.ExtrinsicValueEstimate.sum": {
            "value": 443.708251953125,
            "min": -600.6032104492188,
            "max": 443.708251953125,
            "count": 73
        },
        "FishSF.IsTraining.mean": {
            "value": 1.0,
            "min": 1.0,
            "max": 1.0,
            "count": 73
        },
        "FishSF.IsTraining.sum": {
            "value": 1.0,
            "min": 1.0,
            "max": 1.0,
            "count": 73
        },
        "FishSF.Losses.PolicyLoss.mean": {
            "value": 0.02083611315012806,
            "min": 0.018207131238240335,
            "max": 0.029664656199100945,
            "count": 56
        },
        "FishSF.Losses.PolicyLoss.sum": {
            "value": 0.02083611315012806,
            "min": 0.018207131238240335,
            "max": 0.029664656199100945,
            "count": 56
        },
        "FishSF.Losses.ValueLoss.mean": {
            "value": 1.9302189085218642,
            "min": 0.0735122337937355,
            "max": 13.625878625445896,
            "count": 56
        },
        "FishSF.Losses.ValueLoss.sum": {
            "value": 1.9302189085218642,
            "min": 0.0735122337937355,
            "max": 13.625878625445896,
            "count": 56
        },
        "FishSF.Policy.LearningRate.mean": {
            "value": 0.00024201601932800004,
            "min": 0.00024201601932800004,
            "max": 0.000284256005248,
            "count": 56
        },
        "FishSF.Policy.LearningRate.sum": {
            "value": 0.00024201601932800004,
            "min": 0.00024201601932800004,
            "max": 0.000284256005248,
            "count": 56
        },
        "FishSF.Policy.Epsilon.mean": {
            "value": 0.18067200000000005,
            "min": 0.18067200000000005,
            "max": 0.19475200000000004,
            "count": 56
        },
        "FishSF.Policy.Epsilon.sum": {
            "value": 0.18067200000000005,
            "min": 0.18067200000000005,
            "max": 0.19475200000000004,
            "count": 56
        },
        "FishSF.Policy.Beta.mean": {
            "value": 0.004035532799999999,
            "min": 0.004035532799999999,
            "max": 0.004738124799999999,
            "count": 56
        },
        "FishSF.Policy.Beta.sum": {
            "value": 0.004035532799999999,
            "min": 0.004035532799999999,
            "max": 0.004738124799999999,
            "count": 56
        },
        "FishSF.Agent.avgGroupSize.mean": {
            "value": 8.333333015441895,
            "min": 3.125,
            "max": 25.0,
            "count": 43
        },
        "FishSF.Agent.avgGroupSize.sum": {
            "value": 8.333333015441895,
            "min": 3.125,
            "max": 25.0,
            "count": 43
        },
        "FishSF.Agent.maximumGroupSize.mean": {
            "value": 28.0,
            "min": 18.0,
            "max": 31.0,
            "count": 43
        },
        "FishSF.Agent.maximumGroupSize.sum": {
            "value": 28.0,
            "min": 18.0,
            "max": 31.0,
            "count": 43
        },
        "FishSF.Agent.TotalScore.mean": {
            "value": -6563.13427734375,
            "min": -7489.61669921875,
            "max": 1131.05078125,
            "count": 43
        },
        "FishSF.Agent.TotalScore.sum": {
            "value": -6563.13427734375,
            "min": -7489.61669921875,
            "max": 1131.05078125,
            "count": 43
        },
        "FishSF.Agent.TotalWallHit.mean": {
            "value": 10.0,
            "min": 0.0,
            "max": 10.0,
            "count": 43
        },
        "FishSF.Agent.TotalWallHit.sum": {
            "value": 10.0,
            "min": 0.0,
            "max": 10.0,
            "count": 43
        },
        "FishSF.Agent.TotalAgentHit.mean": {
            "value": 3328.0,
            "min": 46.0,
            "max": 3328.0,
            "count": 43
        },
        "FishSF.Agent.TotalAgentHit.sum": {
            "value": 3328.0,
            "min": 46.0,
            "max": 3328.0,
            "count": 43
        },
        "FishSF.Agent.avgNeighbors.mean": {
            "value": 16.765567779541016,
            "min": 4.159999847412109,
            "max": 17.132972717285156,
            "count": 43
        },
        "FishSF.Agent.avgNeighbors.sum": {
            "value": 16.765567779541016,
            "min": 4.159999847412109,
            "max": 17.132972717285156,
            "count": 43
        },
        "FishSF.Agent.FoodEatenWhenHungry.mean": {
            "value": 6154.0,
            "min": 331.0,
            "max": 6154.0,
            "count": 43
        },
        "FishSF.Agent.FoodEatenWhenHungry.sum": {
            "value": 6154.0,
            "min": 331.0,
            "max": 6154.0,
            "count": 43
        },
        "FishSF.Agent.FoodEatenWhenNotHungry.mean": {
            "value": 0.0,
            "min": 0.0,
            "max": 0.0,
            "count": 43
        },
        "FishSF.Agent.FoodEatenWhenNotHungry.sum": {
            "value": 0.0,
            "min": 0.0,
            "max": 0.0,
            "count": 43
        }
    },
    "metadata": {
        "timer_format_version": "0.1.0",
        "start_time_seconds": "1648729148",
        "python_version": "3.9.9 (tags/v3.9.9:ccb0e6a, Nov 15 2021, 18:08:50) [MSC v.1929 64 bit (AMD64)]",
        "command_line_arguments": "C:\\Users\\Mon\\Desktop\\Senior\\ml-agents-release_18\\venv\\Scripts\\mlagents-learn config/ppo/FishSF_latest.yaml --run-id=sf-nb0.35f-e2.5f-nbvisible-foodintesity-acceleration --resume",
        "mlagents_version": "0.27.0",
        "mlagents_envs_version": "0.27.0",
        "communication_protocol_version": "1.5.0",
        "pytorch_version": "1.7.1+cu110",
        "numpy_version": "1.22.0",
        "end_time_seconds": "1648729926"
    },
    "total": 778.4452426,
    "count": 1,
    "self": 0.011871300000052543,
    "children": {
        "run_training.setup": {
            "total": 0.10173889999999997,
            "count": 1,
            "self": 0.10173889999999997
        },
        "TrainerController.start_learning": {
            "total": 778.3316324,
            "count": 1,
            "self": 0.305875699999433,
            "children": {
                "TrainerController._reset_env": {
                    "total": 8.833956,
                    "count": 1,
                    "self": 8.833956
                },
                "TrainerController.advance": {
                    "total": 768.9840894000006,
                    "count": 14594,
                    "self": 0.4677845000022671,