{
    "name": "root",
    "gauges": {
        "FishSF.Policy.Entropy.mean": {
            "value": 1.2375576496124268,
            "min": 1.2375576496124268,
            "max": 1.421911358833313,
            "count": 240
        },
        "FishSF.Policy.Entropy.sum": {
            "value": 11880.5537109375,
            "min": 11880.5537109375,
            "max": 18162.41015625,
            "count": 240
        },
        "FishSF.Environment.LessonNumber.food_cluster.mean": {
            "value": 0.0,
            "min": 0.0,
            "max": 0.0,
            "count": 240
        },
        "FishSF.Environment.LessonNumber.food_cluster.sum": {
            "value": 0.0,
            "min": 0.0,
            "max": 0.0,
            "count": 240
        },
        "FishSF.Step.mean": {
            "value": 2399936.0,
            "min": 9984.0,
            "max": 2399936.0,
            "count": 240
        },
        "FishSF.Step.sum": {
            "value": 2399936.0,
            "min": 9984.0,
            "max": 2399936.0,
            "count": 240
        },
        "FishSF.Policy.ExtrinsicValueEstimate.mean": {
            "value": 12.905524253845215,
            "min": -4.006480693817139,
            "max": 14.560857772827148,
            "count": 240
        },
        "FishSF.Policy.ExtrinsicValueEstimate.sum": {
            "value": 2013.2618408203125,
            "min": -625.010986328125,
            "max": 2286.0546875,
            "count": 240
        },
        "FishSF.IsTraining.mean": {
            "value": 1.0,
            "min": 1.0,
            "max": 1.0,
            "count": 240
        },
        "FishSF.IsTraining.sum": {
            "value": 1.0,
            "min": 1.0,
            "max": 1.0,
            "count": 240
        },
        "FishSF.Losses.PolicyLoss.mean": {
            "value": 0.027707218011427257,
            "min": 0.016755395064440865,
            "max": 0.03149198793754396,
            "count": 187
        },
        "FishSF.Losses.PolicyLoss.sum": {
            "value": 0.027707218011427257,
            "min": 0.016755395064440865,
            "max": 0.03149198793754396,
            "count": 187
        },
        "FishSF.Losses.ValueLoss.mean": {
            "value": 9.849880311224195,
            "min": 0.0786095882455508,
            "max": 30.58966875076294,
            "count": 187
        },
        "FishSF.Losses.ValueLoss.sum": {
            "value": 9.849880311224195,
            "min": 0.0786095882455508,
            "max": 30.58966875076294,
            "count": 187
        },
        "FishSF.Policy.LearningRate.mean": {
            "value": 0.00015638404787199996,
            "min": 0.00015638404787199996,
            "max": 0.000299232000256,
            "count": 187
        },
        "FishSF.Policy.LearningRate.sum": {
            "value": 0.00015638404787199996,
            "min": 0.00015638404787199996,
            "max": 0.000299232000256,
            "count": 187
        },
        "FishSF.Policy.Epsilon.mean": {
            "value": 0.15212800000000004,
            "min": 0.15212800000000004,
            "max": 0.199744,
            "count": 187
        },
        "FishSF.Policy.Epsilon.sum": {
            "value": 0.15212800000000004,
            "min": 0.15212800000000004,
            "max": 0.199744,
            "count": 187
        },
        "FishSF.Policy.Beta.mean": {
            "value": 0.0026111872000000006,
            "min": 0.0026111872000000006,
            "max": 0.004987225600000001,
            "count": 187
        },
        "FishSF.Policy.Beta.sum": {
            "value": 0.0026111872000000006,
            "min": 0.0026111872000000006,
            "max": 0.004987225600000001,
            "count": 187
        },
        "FishSF.Agent.avgGroupSize.mean": {
            "value": 1.7241379022598267,
            "min": 1.4285714626312256,
            "max": 25.0,
            "count": 143
        },
        "FishSF.Agent.avgGroupSize.sum": {
            "value": 1.7241379022598267,
            "min": 1.4285714626312256,
            "max": 25.0,
            "count": 143
        },
        "FishSF.Agent.TotalScore.mean": {
            "value": -9078.017578125,
            "min": -25089.0234375,
            "max": -1552.783935546875,
            "count": 143
        },
        "FishSF.Agent.TotalScore.sum": {
            "value": -9078.017578125,
            "min": -25089.0234375,
            "max": -1552.783935546875,
            "count": 143
        },
        "FishSF.Agent.TotalWallHit.mean": {
            "value": 2198.0,
            "min": 0.0,
            "max": 2198.0,
            "count": 143
        },
        "FishSF.Agent.TotalWallHit.sum": {
            "value": 2198.0,
            "min": 0.0,
            "max": 2198.0,
            "count": 143
        },
        "FishSF.Agent.TotalAgentHit.mean": {
            "value": 4854.0,
            "min": 128.0,
            "max": 4854.0,
            "count": 143
        },
        "FishSF.Agent.TotalAgentHit.sum": {
            "value": 4854.0,
            "min": 128.0,
            "max": 4854.0,
            "count": 143
        },
        "FishSF.Agent.avgNeighbors.mean": {
            "value": 5.757471084594727,
            "min": 2.640000104904175,
            "max": 6.705214023590088,
            "count": 143
        },
        "FishSF.Agent.avgNeighbors.sum": {
            "value": 5.757471084594727,
            "min": 2.640000104904175,
            "max": 6.705214023590088,
            "count": 143
        },
        "FishSF.Agent.FoodEatenWhenHungry.mean": {
            "value": 27164.0,
            "min": 15.0,
            "max": 27164.0,
            "count": 143
        },
        "FishSF.Agent.FoodEatenWhenHungry.sum": {
            "value": 27164.0,
            "min": 15.0,
            "max": 27164.0,
            "count": 143
        },
        "FishSF.Agent.FoodEatenWhenNotHungry.mean": {
            "value": 0.0,
            "min": 0.0,
            "max": 0.0,
            "count": 143
        },
        "FishSF.Agent.FoodEatenWhenNotHungry.sum": {
            "value": 0.0,
            "min": 0.0,
            "max": 0.0,
            "count": 143
        }
    },
    "metadata": {
        "timer_format_version": "0.1.0",
        "start_time_seconds": "1648714855",
        "python_version": "3.9.9 (tags/v3.9.9:ccb0e6a, Nov 15 2021, 18:08:50) [MSC v.1929 64 bit (AMD64)]",
        "command_line_arguments": "C:\\Users\\Mon\\Desktop\\Senior\\ml-agents-release_18\\venv\\Scripts\\mlagents-learn config/ppo/FishSF_latest.yaml --run-id=sf-nb0.35f-e7f-nbvisible-foodintesity",
        "mlagents_version": "0.27.0",
        "mlagents_envs_version": "0.27.0",
        "communication_protocol_version": "1.5.0",
        "pytorch_version": "1.7.1+cu110",
        "numpy_version": "1.22.0",
        "end_time_seconds": "1648717239"
    },
    "total": 2383.5311193,
    "count": 1,
    "self": 0.008099899999706395,
    "children": {
        "run_training.setup": {
            "total": 0.10836129999999988,
            "count": 1,
            "self": 0.10836129999999988
        },
        "TrainerController.start_learning": {
            "total": 2383.4146581,
            "count": 1,
            "self": 1.0528673000380877,
            "children": {
                "TrainerController._reset_env": {
                    "total": 6.466412700000001,
                    "count": 1,
                    "self": 6.466412700000001
                },
                "TrainerController.advance": {
                    "total": 2375.7051404999615,
                    "count": 48097,
                    "self": 1.7301002999543016,
                    "children": {
                        "env_step": {
                            "total": 1289.289107300012,
                            "count": 48097,
                            "self": 1104.237405000026,