{
    "name": "root",
    "metadata": {
        "timer_format_version": "0.1.0",
        "start_time_seconds": "1648807926",
        "python_version": "3.9.9 (tags/v3.9.9:ccb0e6a, Nov 15 2021, 18:08:50) [MSC v.1929 64 bit (AMD64)]",
        "command_line_arguments": "C:\\Users\\Mon\\Desktop\\Senior\\ml-agents-release_18\\venv\\Scripts\\mlagents-learn config/ppo/FishSF_latest.yaml --run-id=sf-nb0.35f-e2.5f-nbvisible-foodintesity-acceleration-radius50-predator --force",
        "mlagents_version": "0.27.0",
        "mlagents_envs_version": "0.27.0",
        "communication_protocol_version": "1.5.0",
        "pytorch_version": "1.7.1+cu110",
        "numpy_version": "1.22.0",
        "end_time_seconds": "1648807944"
    },
    "total": 18.1447639,
    "count": 1,
    "self": 0.006179200000001828,
    "children": {
        "run_training.setup": {
            "total": 0.1028716999999999,
            "count": 1,
            "self": 0.1028716999999999
        },
        "TrainerController.start_learning": {
            "total": 18.035712999999998,
            "count": 1,
            "self": 0.01852999999999483,
            "children": {
                "TrainerController._reset_env": {
                    "total": 7.2514775,
                    "count": 1,
                    "self": 7.2514775
                },
                "TrainerController.advance": {
                    "total": 10.572120200000004,
                    "count": 662,
                    "self": 0.02292979999999467,
                    "children": {
                        "env_step": {
                            "total": 10.311187999999994,
                            "count": 662,
                            "self": 7.0330511000000975,
                            "children": {
                                "SubprocessEnvManager._take_step": {
                                    "total": 3.268419599999966,
                                    "count": 662,
                                    "self": 0.05017559999996557,
                                    "children": {
                                        "TorchPolicy.evaluate": {
                                            "total": 3.2182440000000003,
                                            "count": 661,
                                            "self": 0.45532709999998566,
                                            "children": {
                                                "TorchPolicy.sample_actions": {
                                                    "total": 2.7629169000000147,
                                                    "count": 661,
                                                    "self": 2.7629169000000147
                                                }
                                            }
                                        }
                                    }
                                },
                                "workers": {
                                    "total": 0.009717299999930873,
                                    "count": 661,
                                    "self": 0.0,
                                    "children": {
                                        "worker_root": {
                                            "total": 11.66910179999995,
                                            "count": 661,
                                            "is_parallel": true,
                                            "self": 5.394211499999964,
                                            "children": {
                                                "steps_from_proto": {
                                                    "total": 0.0004067000000000931,
                                                    "count": 1,
                                                    "is_parallel": true,
                                                    "self": 0.00011280000000102319,
                                                    "children": {
                                                        "_process_rank_one_or_two_observation": {
                                                            "total": 0.0002938999999990699,
                                                            "count": 8,
                                                            "is_parallel": true,
                                                            "self": 0.0002938999999990699
                                                        }
                                                    }
                                                },
                                                "UnityEnvironment.step": {
                                                    "total": 6.274483599999986,
                                                    "count": 661,
                                                    "is_parallel": true,
                                                    "self": 0.07323369999997453,
                                                    "children": {
                                                        "UnityEnvironment._generate_step_input": {
                                                            "total": 0.05640910000000332,
                                                            "count": 661,
                                                            "is_parallel": true,
                                                            "self": 0.05640910000000332
                                                        },
                                                        "communicator.exchange": {
                                                            "total": 5.868348700000019,
                                                            "count": 661,
                                                            "is_parallel": true,
                                                            "self": 5.868348700000019
                                                        },
                                                        "steps_from_proto": {
                                                            "total": 0.2764920999999889,
                                                            "count": 661,
                                                            "is_parallel": true,
                                                            "self": 0.09382929999992218,
                                                            "children": {
                                                                "_process_rank_one_or_two_observation": {
                                                                    "total": 0.18266280000006674,
                                                                    "count": 5288,
                                                                    "is_parallel": true,
                                                                    "self": 0.18266280000006674
                                                                }
                                                            }
                                                        }
                                                    }
                                                }
                                            }
                                        }
                                    }
                                }
                            }
                        },
                        "trainer_advance": {
                            "total": 0.23800240000001516,
                            "count": 661,
                            "self": 0.0164994000000096,
                            "children": {
                                "process_trajectory": {
                                    "total": 0.22150300000000556,
                                    "count": 661,