{
    "name": "root",
    "gauges": {
        "FishSF.Policy.Entropy.mean": {
            "value": 1.3517146110534668,
            "min": 1.3517146110534668,
            "max": 1.4298957586288452,
            "count": 171
        },
        "FishSF.Policy.Entropy.sum": {
            "value": 13517.146484375,
            "min": 13247.1943359375,
            "max": 18162.41015625,
            "count": 171
        },
        "FishSF.Environment.LessonNumber.food_cluster.mean": {
            "value": 0.0,
            "min": 0.0,
            "max": 0.0,
            "count": 171
        },
        "FishSF.Environment.LessonNumber.food_cluster.sum": {
            "value": 0.0,
            "min": 0.0,
            "max": 0.0,
            "count": 171
        },
        "FishSF.Environment.EpisodeLength.mean": {
            "value": 8966.75,
            "min": 65.5,
            "max": 18562.0,
            "count": 76
        },
        "FishSF.Environment.EpisodeLength.sum": {
            "value": 35867.0,
            "min": 262.0,
            "max": 101665.0,
            "count": 76
        },
        "FishSF.Step.mean": {
            "value": 1709960.0,
            "min": 9994.0,
            "max": 1709960.0,
            "count": 171
        },
        "FishSF.Step.sum": {
            "value": 1709960.0,
            "min": 9994.0,
            "max": 1709960.0,
            "count": 171
        },
        "FishSF.Policy.ExtrinsicValueEstimate.mean": {
            "value": -7.882277011871338,
            "min": -12.826911926269531,
            "max": 1.438826322555542,
            "count": 171
        },
        "FishSF.Policy.ExtrinsicValueEstimate.sum": {
            "value": -1245.3997802734375,
            "min": -2052.305908203125,
            "max": 224.4569091796875,
            "count": 171
        },
        "FishSF.Environment.CumulativeReward.mean": {
            "value": -491.125,
            "min": -630.0,
            "max": 280.0,
            "count": 76
        },
        "FishSF.Environment.CumulativeReward.sum": {
            "value": -1964.5,
            "min": -4356.5,
            "max": 280.0,
            "count": 76
        },
        "FishSF.Policy.ExtrinsicReward.mean": {
            "value": -491.125,
            "min": -630.0,
            "max": 280.0,
            "count": 76
        },
        "FishSF.Policy.ExtrinsicReward.sum": {
            "value": -1964.5,
            "min": -4356.5,
            "max": 280.0,
            "count": 76
        },
        "FishSF.IsTraining.mean": {
            "value": 1.0,
            "min": 1.0,
            "max": 1.0,
            "count": 171
        },
        "FishSF.IsTraining.sum": {
            "value": 1.0,
            "min": 1.0,
            "max": 1.0,
            "count": 171
        },
        "FishSF.Losses.PolicyLoss.mean": {
            "value": 0.020485889989261825,
            "min": 0.015420241056320567,
            "max": 0.033091212560733156,
            "count": 162
        },
        "FishSF.Losses.PolicyLoss.sum": {
            "value": 0.020485889989261825,
            "min": 0.015420241056320567,
            "max": 0.033091212560733156,
            "count": 162
        },
        "FishSF.Losses.ValueLoss.mean": {
            "value": 41.68296566009521,
            "min": 0.32143938342730205,
            "max": 56.873049926757815,
            "count": 162
        },
        "FishSF.Losses.ValueLoss.sum": {
            "value": 41.68296566009521,
            "min": 0.32143938342730205,
            "max": 56.873049926757815,
            "count": 162
        },
        "FishSF.Policy.LearningRate.mean": {
            "value": 0.00019793943402020002,
            "min": 0.00019793943402020002,
            "max": 0.00029924292025236007,
            "count": 162
        },
        "FishSF.Policy.LearningRate.sum": {
            "value": 0.00019793943402020002,
            "min": 0.00019793943402020002,
            "max": 0.00029924292025236007,
            "count": 162
        },
        "FishSF.Policy.Epsilon.mean": {
            "value": 0.16597979999999996,
            "min": 0.16597979999999996,
            "max": 0.19974764,
            "count": 162
        },
        "FishSF.Policy.Epsilon.sum": {
            "value": 0.16597979999999996,
            "min": 0.16597979999999996,
            "max": 0.19974764,
            "count": 162
        },
        "FishSF.Policy.Beta.mean": {
            "value": 0.003302392020000001,
            "min": 0.003302392020000001,
            "max": 0.004987407236,
            "count": 162
        },
        "FishSF.Policy.Beta.sum": {
            "value": 0.003302392020000001,
            "min": 0.003302392020000001,
            "max": 0.004987407236,
            "count": 162
        },
        "FishSF.Agent.avgGroupSize.mean": {
            "value": 6.25,
            "min": 1.25,
            "max": 50.0,
            "count": 102
        },
        "FishSF.Agent.avgGroupSize.sum": {
            "value": 6.25,
            "min": 1.25,
            "max": 50.0,
            "count": 102
        },
        "FishSF.Agent.maximumGroupSize.mean": {
            "value": 22.0,
            "min": 2.0,
            "max": 50.0,
            "count": 102
        },
        "FishSF.Agent.maximumGroupSize.sum": {
            "value": 22.0,
            "min": 2.0,
            "max": 50.0,
            "count": 102
        },
        "FishSF.Agent.TotalScore.mean": {
            "value": -62792.0,
            "min": -62792.0,
            "max": -1123.0,
            "count": 102
        },
        "FishSF.Agent.TotalScore.sum": {
            "value": -62792.0,
            "min": -62792.0,
            "max": -1123.0,
            "count": 102
        },
        "FishSF.Agent.TotalWallHit.mean": {
            "value": 610.0,
            "min": 2.0,
            "max": 610.0,
            "count": 102
        },
        "FishSF.Agent.TotalWallHit.sum": {
            "value": 610.0,
            "min": 2.0,
            "max": 610.0,
            "count": 102
        },
        "FishSF.Agent.TotalAgentHit.mean": {
            "value": 10066.0,
            "min": 120.0,
            "max": 10066.0,
            "count": 102
        },
        "FishSF.Agent.TotalAgentHit.sum": {
            "value": 10066.0,
            "min": 120.0,
            "max": 10066.0,
            "count": 102
        },
        "FishSF.Agent.avgNeighbors.mean": {
            "value": 9.59168815612793,
            "min": 0.0,
            "max": 9.59168815612793,
            "count": 102
        },
        "FishSF.Agent.avgNeighbors.sum": {
            "value": 9.59168815612793,
            "min": 0.0,
            "max": 9.59168815612793,
            "count": 102
        },
        "FishSF.Agent.FoodEaten.mean": {
            "value": 8863.0,
            "min": 107.0,
            "max": 8863.0,
            "count": 102
        },
        "FishSF.Agent.FoodEaten.sum": {
            "value": 8863.0,
            "min": 107.0,
            "max": 8863.0,
            "count": 102
        },
        "FishSF.Agent.TotalTimesEatenByPredator.mean": {
            "value": 187.0,
            "min": 4.0,
            "max": 187.0,
            "count": 102
        },
        "FishSF.Agent.TotalTimesEatenByPredator.sum": {
            "value": 187.0,
            "min": 4.0,
            "max": 187.0,
            "count": 102
        }
    },
    "metadata": {
        "timer_format_version": "0.1.0",
        "start_time_seconds": "1648821440",
        "python_version": "3.9.9 (tags/v3.9.9:ccb0e6a, Nov 15 2021, 18:08:50) [MSC v.1929 64 bit (AMD64)]",
        "command_line_arguments": "C:\\Users\\Mon\\Desktop\\Senior\\ml-agents-release_18\\venv\\Scripts\\mlagents-learn config/ppo/FishSF_latest.yaml --run-id=sf-nb0.5f-e2.5f-nbvisible-foodintesity-acceleration-radius50-predator --force",
        "mlagents_version": "0.27.0",
        "mlagents_envs_version": "0.27.0",
        "communication_protocol_version": "1.5.0",