{
    "name": "root",
    "gauges": {
        "FishSF.Policy.Entropy.mean": {
            "value": 1.2841070890426636,
            "min": 1.2841070890426636,
            "max": 1.4189382791519165,
            "count": 119
        },
        "FishSF.Policy.Entropy.sum": {
            "value": 12327.427734375,
            "min": 12327.427734375,
            "max": 18162.41015625,
            "count": 119
        },
        "FishSF.Environment.LessonNumber.food_cluster.mean": {
            "value": 0.0,
            "min": 0.0,
            "max": 0.0,
            "count": 119
        },
        "FishSF.Environment.LessonNumber.food_cluster.sum": {
            "value": 0.0,
            "min": 0.0,
            "max": 0.0,
            "count": 119
        },
        "FishSF.Step.mean": {
            "value": 1189952.0,
            "min": 9984.0,
            "max": 1189952.0,
            "count": 119
        },
        "FishSF.Step.sum": {
            "value": 1189952.0,
            "min": 9984.0,
            "max": 1189952.0,
            "count": 119
        },
        "FishSF.Policy.ExtrinsicValueEstimate.mean": {
            "value": 10.673752784729004,
            "min": -0.7802433967590332,
            "max": 12.373529434204102,
            "count": 119
        },
        "FishSF.Policy.ExtrinsicValueEstimate.sum": {
            "value": 1665.10546875,
            "min": -121.71797180175781,
            "max": 1942.6441650390625,
            "count": 119
        },
        "FishSF.IsTraining.mean": {
            "value": 1.0,
            "min": 1.0,
            "max": 1.0,
            "count": 119
        },
        "FishSF.IsTraining.sum": {
            "value": 1.0,
            "min": 1.0,
            "max": 1.0,
            "count": 119
        },
        "FishSF.Losses.PolicyLoss.mean": {
            "value": 0.02984688117996686,
            "min": 0.01539800149233391,
            "max": 0.032703696232703,
            "count": 92
        },
        "FishSF.Losses.PolicyLoss.sum": {
            "value": 0.02984688117996686,
            "min": 0.01539800149233391,
            "max": 0.032703696232703,
            "count": 92
        },
        "FishSF.Losses.ValueLoss.mean": {
            "value": 5.104213443067339,
            "min": 1.7672772771782346,
            "max": 20.829871707492405,
            "count": 92
        },
        "FishSF.Losses.ValueLoss.sum": {
            "value": 5.104213443067339,
            "min": 1.7672772771782346,
            "max": 20.829871707492405,
            "count": 92
        },
        "FishSF.Policy.LearningRate.mean": {
            "value": 0.000229344023552,
            "min": 0.000229344023552,
            "max": 0.000299232000256,
            "count": 92
        },
        "FishSF.Policy.LearningRate.sum": {
            "value": 0.000229344023552,
            "min": 0.000229344023552,
            "max": 0.000299232000256,
            "count": 92
        },
        "FishSF.Policy.Epsilon.mean": {
            "value": 0.176448,
            "min": 0.176448,
            "max": 0.199744,
            "count": 92
        },
        "FishSF.Policy.Epsilon.sum": {
            "value": 0.176448,
            "min": 0.176448,
            "max": 0.199744,
            "count": 92
        },
        "FishSF.Policy.Beta.mean": {
            "value": 0.0038247552,
            "min": 0.0038247552,
            "max": 0.004987225600000001,
            "count": 92
        },
        "FishSF.Policy.Beta.sum": {
            "value": 0.0038247552,
            "min": 0.0038247552,
            "max": 0.004987225600000001,
            "count": 92
        },
        "FishSF.Agent.TotalScore.mean": {
            "value": 4513.25,
            "min": -7397.75,
            "max": 4513.25,
            "count": 71
        },
        "FishSF.Agent.TotalScore.sum": {
            "value": 4513.25,
            "min": -7397.75,
            "max": 4513.25,
            "count": 71
        },
        "FishSF.Agent.TotalWallHit.mean": {
            "value": 1059.0,
            "min": 23.0,
            "max": 1059.0,
            "count": 71
        },
        "FishSF.Agent.TotalWallHit.sum": {
            "value": 1059.0,
            "min": 23.0,
            "max": 1059.0,
            "count": 71
        },
        "FishSF.Agent.TotalAgentHit.mean": {
            "value": 3072.0,
            "min": 116.0,
            "max": 3072.0,
            "count": 71
        },
        "FishSF.Agent.TotalAgentHit.sum": {
            "value": 3072.0,
            "min": 116.0,
            "max": 3072.0,
            "count": 71
        },
        "FishSF.Agent.avgNeighbors.mean": {
            "value": 4.20253324508667,
            "min": 2.0399999618530273,
            "max": 4.553042411804199,
            "count": 71
        },
        "FishSF.Agent.avgNeighbors.sum": {
            "value": 4.20253324508667,
            "min": 2.0399999618530273,
            "max": 4.553042411804199,
            "count": 71
        },
        "FishSF.Agent.FoodEatenWhenHungry.mean": {
            "value": 11292.0,
            "min": 32.0,
            "max": 11292.0,
            "count": 71
        },
        "FishSF.Agent.FoodEatenWhenHungry.sum": {
            "value": 11292.0,
            "min": 32.0,
            "max": 11292.0,
            "count": 71
        },
        "FishSF.Agent.FoodEatenWhenNotHungry.mean": {
            "value": 0.0,
            "min": 0.0,
            "max": 0.0,
            "count": 71
        },
        "FishSF.Agent.FoodEatenWhenNotHungry.sum": {
            "value": 0.0,
            "min": 0.0,
            "max": 0.0,
            "count": 71
        }
    },
    "metadata": {
        "timer_format_version": "0.1.0",
        "start_time_seconds": "1648660216",
        "python_version": "3.9.9 (tags/v3.9.9:ccb0e6a, Nov 15 2021, 18:08:50) [MSC v.1929 64 bit (AMD64)]",
        "command_line_arguments": "C:\\Users\\Mon\\Desktop\\Senior\\ml-agents-release_18\\venv\\Scripts\\mlagents-learn config/ppo/FishSF_latest.yaml --run-id=sfnb0.25fe10fnbvisible",
        "mlagents_version": "0.27.0",
        "mlagents_envs_version": "0.27.0",
        "communication_protocol_version": "1.5.0",
        "pytorch_version": "1.7.1+cu110",
        "numpy_version": "1.22.0",
        "end_time_seconds": "1648661589"
    },
    "total": 1372.7559027,
    "count": 1,
    "self": 0.010840700000017023,
    "children": {
        "run_training.setup": {
            "total": 0.11136039999999992,
            "count": 1,
            "self": 0.11136039999999992
        },
        "TrainerController.start_learning": {
            "total": 1372.6337016,
            "count": 1,
            "self": 0.49657789998923363,
            "children": {
                "TrainerController._reset_env": {
                    "total": 33.152935600000006,
                    "count": 1,
                    "self": 33.152935600000006
                },
                "TrainerController.advance": {
                    "total": 1338.7700509000108,
                    "count": 23984,
                    "self": 0.817753600007336,
                    "children": {
                        "env_step": {
                            "total": 803.6464405000107,
                            "count": 23984,
                            "self": 712.1624743999935,
                            "children": {
                                "SubprocessEnvManager._take_step": {
                                    "total": 91.21940220000666,
                                    "count": 23984,
                                    "self": 2.1627853000123736,
                                    "children": {
                                        "TorchPolicy.evaluate": {
                                            "total": 89.05661689999428,
                                            "count": 23984,
                                            "self": 14.68732439999205,