{
    "name": "root",
    "gauges": {
        "FishSF.Policy.Entropy.mean": {
            "value": 1.433498501777649,
            "min": 1.418649435043335,
            "max": 1.433498501777649,
            "count": 14
        },
        "FishSF.Policy.Entropy.sum": {
            "value": 13761.5859375,
            "min": 13619.0341796875,
            "max": 20634.60546875,
            "count": 14
        },
        "FishSF.Step.mean": {
            "value": 139968.0,
            "min": 9984.0,
            "max": 139968.0,
            "count": 14
        },
        "FishSF.Step.sum": {
            "value": 139968.0,
            "min": 9984.0,
            "max": 139968.0,
            "count": 14
        },
        "FishSF.Policy.ExtrinsicValueEstimate.mean": {
            "value": -8.789137840270996,
            "min": -14.8316011428833,
            "max": 0.026403598487377167,
            "count": 14
        },
        "FishSF.Policy.ExtrinsicValueEstimate.sum": {
            "value": -1371.10546875,
            "min": -2313.729736328125,
            "max": 4.118961334228516,
            "count": 14
        },
        "FishSF.Policy.CuriosityValueEstimate.mean": {
            "value": 0.13537423312664032,
            "min": -0.50865238904953,
            "max": 0.13537423312664032,
            "count": 14
        },
        "FishSF.Policy.CuriosityValueEstimate.sum": {
            "value": 21.11838150024414,
            "min": -79.34977722167969,
            "max": 21.11838150024414,
            "count": 14
        },
        "FishSF.IsTraining.mean": {
            "value": 1.0,
            "min": 1.0,
            "max": 1.0,
            "count": 14
        },
        "FishSF.IsTraining.sum": {
            "value": 1.0,
            "min": 1.0,
            "max": 1.0,
            "count": 14
        },
        "FishSF.Losses.PolicyLoss.mean": {
            "value": 0.02555820206180215,
            "min": 0.01766762150717633,
            "max": 0.027117931006831072,
            "count": 9
        },
        "FishSF.Losses.PolicyLoss.sum": {
            "value": 0.02555820206180215,
            "min": 0.01766762150717633,
            "max": 0.027117931006831072,
            "count": 9
        },
        "FishSF.Losses.ValueLoss.mean": {
            "value": 88.88614036923363,
            "min": 79.4772100902739,
            "max": 552.2307862781342,
            "count": 9
        },
        "FishSF.Losses.ValueLoss.sum": {
            "value": 88.88614036923363,
            "min": 79.4772100902739,
            "max": 552.2307862781342,
            "count": 9
        },
        "FishSF.Policy.LearningRate.mean": {
            "value": 0.00028056000648,
            "min": 0.00028056000648,
            "max": 0.0002978400007199999,
            "count": 9
        },
        "FishSF.Policy.LearningRate.sum": {
            "value": 0.00028056000648,
            "min": 0.00028056000648,
            "max": 0.0002978400007199999,
            "count": 9
        },
        "FishSF.Policy.Epsilon.mean": {
            "value": 0.19352000000000003,
            "min": 0.19352000000000003,
            "max": 0.19928000000000004,
            "count": 9
        },
        "FishSF.Policy.Epsilon.sum": {
            "value": 0.19352000000000003,
            "min": 0.19352000000000003,
            "max": 0.19928000000000004,
            "count": 9
        },
        "FishSF.Policy.Beta.mean": {
            "value": 0.004676648,
            "min": 0.004676648,
            "max": 0.004964071999999999,
            "count": 9
        },
        "FishSF.Policy.Beta.sum": {
            "value": 0.004676648,
            "min": 0.004676648,
            "max": 0.004964071999999999,
            "count": 9
        },
        "FishSF.Losses.CuriosityForwardLoss.mean": {
            "value": 0.12108598986551874,
            "min": 0.0835512342552344,
            "max": 1.1291987218317532,
            "count": 9
        },
        "FishSF.Losses.CuriosityForwardLoss.sum": {
            "value": 0.12108598986551874,
            "min": 0.0835512342552344,
            "max": 1.1291987218317532,
            "count": 9
        },
        "FishSF.Losses.CuriosityInverseLoss.mean": {
            "value": 0.7448276636146364,
            "min": 0.7448276636146364,
            "max": 1.9770392236255465,
            "count": 9
        },
        "FishSF.Losses.CuriosityInverseLoss.sum": {
            "value": 0.7448276636146364,
            "min": 0.7448276636146364,
            "max": 1.9770392236255465,
            "count": 9
        },
        "FishSF.Agent.avgGroupSize.mean": {
            "value": 2.34375,
            "min": 1.9736841917037964,
            "max": 2.5862069129943848,
            "count": 5
        },
        "FishSF.Agent.avgGroupSize.sum": {
            "value": 2.34375,
            "min": 1.9736841917037964,
            "max": 2.5862069129943848,
            "count": 5
        },
        "FishSF.Agent.maximumGroupSize.mean": {
            "value": 10.0,
            "min": 7.0,
            "max": 15.0,
            "count": 5
        },
        "FishSF.Agent.maximumGroupSize.sum": {
            "value": 10.0,
            "min": 7.0,
            "max": 15.0,
            "count": 5
        },
        "FishSF.Agent.TotalScore.mean": {
            "value": -41035.87109375,
            "min": -41035.87109375,
            "max": -20583.001953125,
            "count": 5
        },
        "FishSF.Agent.TotalScore.sum": {
            "value": -41035.87109375,
            "min": -41035.87109375,
            "max": -20583.001953125,
            "count": 5
        },
        "FishSF.Agent.AverageScore.mean": {
            "value": -547.1449584960938,
            "min": -547.1449584960938,
            "max": -274.4400329589844,
            "count": 5
        },
        "FishSF.Agent.AverageScore.sum": {
            "value": -547.1449584960938,
            "min": -547.1449584960938,
            "max": -274.4400329589844,
            "count": 5
        },
        "FishSF.Agent.TotalWallHit.mean": {
            "value": 3620.0,
            "min": 917.0,
            "max": 3620.0,
            "count": 5
        },
        "FishSF.Agent.TotalWallHit.sum": {
            "value": 3620.0,
            "min": 917.0,
            "max": 3620.0,
            "count": 5
        },
        "FishSF.Agent.TotalAgentHit.mean": {
            "value": 1780.0,
            "min": 952.0,
            "max": 1780.0,
            "count": 5
        },
        "FishSF.Agent.TotalAgentHit.sum": {
            "value": 1780.0,
            "min": 952.0,
            "max": 1780.0,
            "count": 5
        },
        "FishSF.Agent.avgNeighbors.mean": {
            "value": 2.806666851043701,
            "min": 0.0,
            "max": 3.58666729927063,
            "count": 5
        },
        "FishSF.Agent.avgNeighbors.sum": {
            "value": 2.806666851043701,
            "min": 0.0,
            "max": 3.58666729927063,
            "count": 5
        },
        "FishSF.Agent.FoodEaten.mean": {
            "value": 228.0,
            "min": 115.0,
            "max": 228.0,
            "count": 5
        },
        "FishSF.Agent.FoodEaten.sum": {
            "value": 228.0,
            "min": 115.0,
            "max": 228.0,
            "count": 5
        },
        "FishSF.Agent.TotalTimesEatenByPredator.mean": {
            "value": 30.0,
            "min": 9.0,
            "max": 30.0,
            "count": 5
        },
        "FishSF.Agent.TotalTimesEatenByPredator.sum": {
            "value": 30.0,
            "min": 9.0,
            "max": 30.0,
            "count": 5
        }
    },
    "metadata": {
        "timer_format_version": "0.1.0",
        "start_time_seconds": "1651136402",
        "python_version": "3.9.9 (tags/v3.9.9:ccb0e6a, Nov 15 2021, 18:08:50) [MSC v.1929 64 bit (AMD64)]",