{
    "name": "root",
    "gauges": {
        "FishSF.Policy.Entropy.mean": {
            "value": 1.368138074874878,
            "min": 1.3680459260940552,
            "max": 1.3692071437835693,
            "count": 26
        },
        "FishSF.Policy.Entropy.sum": {
            "value": 13134.125,
            "min": 6572.193359375,
            "max": 16417.568359375,
            "count": 26
        },
        "FishSF.Environment.EpisodeLength.mean": {
            "value": 2886.5,
            "min": 7.0,
            "max": 2886.5,
            "count": 8
        },
        "FishSF.Environment.EpisodeLength.sum": {
            "value": 5773.0,
            "min": 7.0,
            "max": 7529.0,
            "count": 8
        },
        "FishSF.Step.mean": {
            "value": 1999965.0,
            "min": 1749950.0,
            "max": 1999965.0,
            "count": 26
        },
        "FishSF.Step.sum": {
            "value": 1999965.0,
            "min": 1749950.0,
            "max": 1999965.0,
            "count": 26
        },
        "FishSF.Policy.ExtrinsicValueEstimate.mean": {
            "value": -6.564579963684082,
            "min": -11.258163452148438,
            "max": -4.601225852966309,
            "count": 26
        },
        "FishSF.Policy.ExtrinsicValueEstimate.sum": {
            "value": -1024.074462890625,
            "min": -1756.2734375,
            "max": -193.23670959472656,
            "count": 26
        },
        "FishSF.Policy.CuriosityValueEstimate.mean": {
            "value": 0.028006931766867638,
            "min": -0.00033600092865526676,
            "max": 0.15126851201057434,
            "count": 26
        },
        "FishSF.Policy.CuriosityValueEstimate.sum": {
            "value": 4.369081497192383,
            "min": -0.05241614580154419,
            "max": 11.700063705444336,
            "count": 26
        },
        "FishSF.Environment.CumulativeReward.mean": {
            "value": -378.1500042974949,
            "min": -378.1500042974949,
            "max": -87.70000499486923,
            "count": 8
        },
        "FishSF.Environment.CumulativeReward.sum": {
            "value": -756.3000085949898,
            "min": -756.3000085949898,
            "max": -100.30000305175781,
            "count": 8
        },
        "FishSF.Policy.ExtrinsicReward.mean": {
            "value": -378.1500042974949,
            "min": -378.1500042974949,
            "max": -87.70000499486923,
            "count": 8
        },
        "FishSF.Policy.ExtrinsicReward.sum": {
            "value": -756.3000085949898,
            "min": -756.3000085949898,
            "max": -100.30000305175781,
            "count": 8
        },
        "FishSF.Policy.CuriosityReward.mean": {
            "value": 3.203513770364225,
            "min": 0.0,
            "max": 3.203513770364225,
            "count": 8
        },
        "FishSF.Policy.CuriosityReward.sum": {
            "value": 6.40702754072845,
            "min": 0.0,
            "max": 6.40702754072845,
            "count": 8
        },
        "FishSF.IsTraining.mean": {
            "value": 1.0,
            "min": 1.0,
            "max": 1.0,
            "count": 26
        },
        "FishSF.IsTraining.sum": {
            "value": 1.0,
            "min": 1.0,
            "max": 1.0,
            "count": 26
        },
        "FishSF.Losses.PolicyLoss.mean": {
            "value": 0.01959039978682995,
            "min": 0.016923782260467608,
            "max": 0.029152122672456197,
            "count": 19
        },
        "FishSF.Losses.PolicyLoss.sum": {
            "value": 0.01959039978682995,
            "min": 0.016923782260467608,
            "max": 0.029152122672456197,
            "count": 19
        },
        "FishSF.Losses.ValueLoss.mean": {
            "value": 0.6855856001377105,
            "min": 0.6400497619594846,
            "max": 26.295817693074543,
            "count": 19
        },
        "FishSF.Losses.ValueLoss.sum": {
            "value": 0.6855856001377105,
            "min": 0.6400497619594846,
            "max": 26.295817693074543,
            "count": 19
        },
        "FishSF.Policy.LearningRate.mean": {
            "value": 1.7621494126499925e-06,
            "min": 1.7621494126499925e-06,
            "max": 3.5653288115599994e-05,
            "count": 19
        },
        "FishSF.Policy.LearningRate.sum": {
            "value": 1.7621494126499925e-06,
            "min": 1.7621494126499925e-06,
            "max": 3.5653288115599994e-05,
            "count": 19
        },
        "FishSF.Policy.Epsilon.mean": {
            "value": 0.10058735000000002,
            "min": 0.10058735000000002,
            "max": 0.11188440000000001,
            "count": 19
        },
        "FishSF.Policy.Epsilon.sum": {
            "value": 0.10058735000000002,
            "min": 0.10058735000000002,
            "max": 0.11188440000000001,
            "count": 19
        },
        "FishSF.Policy.Beta.mean": {
            "value": 3.9308764999999874e-05,
            "min": 3.9308764999999874e-05,
            "max": 0.0006030315599999995,
            "count": 19
        },
        "FishSF.Policy.Beta.sum": {
            "value": 3.9308764999999874e-05,
            "min": 3.9308764999999874e-05,
            "max": 0.0006030315599999995,
            "count": 19
        },
        "FishSF.Losses.CuriosityForwardLoss.mean": {
            "value": 0.014617871648321549,
            "min": 0.014617871648321549,
            "max": 0.17606909496661943,
            "count": 19
        },
        "FishSF.Losses.CuriosityForwardLoss.sum": {
            "value": 0.014617871648321549,
            "min": 0.014617871648321549,
            "max": 0.17606909496661943,
            "count": 19
        },
        "FishSF.Losses.CuriosityInverseLoss.mean": {
            "value": 0.5074041624863942,
            "min": 0.46422197421391803,
            "max": 0.7779628955400907,
            "count": 19
        },
        "FishSF.Losses.CuriosityInverseLoss.sum": {
            "value": 0.5074041624863942,
            "min": 0.46422197421391803,
            "max": 0.7779628955400907,
            "count": 19
        },
        "FishSF.Agent.avgGroupSize.mean": {
            "value": 18.75,
            "min": 10.714285850524902,
            "max": 75.0,
            "count": 10
        },
        "FishSF.Agent.avgGroupSize.sum": {
            "value": 18.75,
            "min": 10.714285850524902,
            "max": 75.0,
            "count": 10
        },
        "FishSF.Agent.maximumGroupSize.mean": {
            "value": 55.0,
            "min": 53.0,
            "max": 75.0,
            "count": 10
        },
        "FishSF.Agent.maximumGroupSize.sum": {
            "value": 55.0,
            "min": 53.0,
            "max": 75.0,
            "count": 10
        },
        "FishSF.Agent.TotalScore.mean": {
            "value": -19995.107421875,
            "min": -19995.107421875,
            "max": -1640.74853515625,
            "count": 10
        },
        "FishSF.Agent.TotalScore.sum": {
            "value": -19995.107421875,
            "min": -19995.107421875,
            "max": -1640.74853515625,
            "count": 10
        },
        "FishSF.Agent.TotalWallHit.mean": {
            "value": 503.0,
            "min": 0.0,
            "max": 503.0,
            "count": 10
        },
        "FishSF.Agent.TotalWallHit.sum": {
            "value": 503.0,
            "min": 0.0,
            "max": 503.0,
            "count": 10
        },
        "FishSF.Agent.TotalAgentHit.mean": {
            "value": 4476.0,
            "min": 256.0,
            "max": 4476.0,
            "count": 10
        },
        "FishSF.Agent.TotalAgentHit.sum": {
            "value": 4476.0,
            "min": 256.0,
            "max": 4476.0,
            "count": 10
        },
        "FishSF.Agent.avgNeighbors.mean": {
            "value": 38.92593002319336,
            "min": 0.0,