{
    "name": "root",
    "gauges": {
        "FishSF.Policy.Entropy.mean": {
            "value": 1.4077507257461548,
            "min": 1.4071531295776367,
            "max": 1.4400089979171753,
            "count": 200
        },
        "FishSF.Policy.Entropy.sum": {
            "value": 13514.4072265625,
            "min": 13511.572265625,
            "max": 20432.7109375,
            "count": 200
        },
        "FishSF.Environment.EpisodeLength.mean": {
            "value": 6830.5,
            "min": 49.666666666666664,
            "max": 16702.0,
            "count": 114
        },
        "FishSF.Environment.EpisodeLength.sum": {
            "value": 13661.0,
            "min": 78.0,
            "max": 49915.0,
            "count": 114
        },
        "FishSF.Environment.LessonNumber.food_cluster.mean": {
            "value": 1.0,
            "min": 0.0,
            "max": 1.0,
            "count": 200
        },
        "FishSF.Environment.LessonNumber.food_cluster.sum": {
            "value": 1.0,
            "min": 0.0,
            "max": 1.0,
            "count": 200
        },
        "FishSF.Step.mean": {
            "value": 1999986.0,
            "min": 9968.0,
            "max": 1999986.0,
            "count": 200
        },
        "FishSF.Step.sum": {
            "value": 1999986.0,
            "min": 9968.0,
            "max": 1999986.0,
            "count": 200
        },
        "FishSF.Policy.ExtrinsicValueEstimate.mean": {
            "value": -0.4370868504047394,
            "min": -19.60919761657715,
            "max": 1.477887511253357,
            "count": 200
        },
        "FishSF.Policy.ExtrinsicValueEstimate.sum": {
            "value": -68.62263488769531,
            "min": -3157.080810546875,
            "max": 230.55044555664062,
            "count": 200
        },
        "FishSF.Policy.CuriosityValueEstimate.mean": {
            "value": 0.10877726227045059,
            "min": -0.4893995225429535,
            "max": 3.848966360092163,
            "count": 200
        },
        "FishSF.Policy.CuriosityValueEstimate.sum": {
            "value": 17.07802963256836,
            "min": -78.30392456054688,
            "max": 605.894775390625,
            "count": 200
        },
        "FishSF.Environment.CumulativeReward.mean": {
            "value": -80.50000530481339,
            "min": -505.7000039219856,
            "max": 79.30000078678131,
            "count": 114
        },
        "FishSF.Environment.CumulativeReward.sum": {
            "value": -161.00001060962677,
            "min": -4807.8000411987305,
            "max": 79.30000078678131,
            "count": 114
        },
        "FishSF.Policy.ExtrinsicReward.mean": {
            "value": -80.50000530481339,
            "min": -505.7000039219856,
            "max": 79.30000078678131,
            "count": 114
        },
        "FishSF.Policy.ExtrinsicReward.sum": {
            "value": -161.00001060962677,
            "min": -4807.8000411987305,
            "max": 79.30000078678131,
            "count": 114
        },
        "FishSF.Policy.CuriosityReward.mean": {
            "value": 7.199212872423232,
            "min": 0.0,
            "max": 77.99358248710632,
            "count": 114
        },
        "FishSF.Policy.CuriosityReward.sum": {
            "value": 14.398425744846463,
            "min": 0.0,
            "max": 752.0896359570324,
            "count": 114
        },
        "FishSF.IsTraining.mean": {
            "value": 1.0,
            "min": 1.0,
            "max": 1.0,
            "count": 200
        },
        "FishSF.IsTraining.sum": {
            "value": 1.0,
            "min": 1.0,
            "max": 1.0,
            "count": 200
        },
        "FishSF.Losses.PolicyLoss.mean": {
            "value": 0.020488799456506966,
            "min": 0.014521099471797546,
            "max": 0.03125729920485845,
            "count": 183
        },
        "FishSF.Losses.PolicyLoss.sum": {
            "value": 0.020488799456506966,
            "min": 0.014521099471797546,
            "max": 0.03125729920485845,
            "count": 183
        },
        "FishSF.Losses.ValueLoss.mean": {
            "value": 8.314302364985148,
            "min": 0.10310306896766026,
            "max": 37.38372662862142,
            "count": 183
        },
        "FishSF.Losses.ValueLoss.sum": {
            "value": 8.314302364985148,
            "min": 0.10310306896766026,
            "max": 37.38372662862142,
            "count": 183
        },
        "FishSF.Policy.LearningRate.mean": {
            "value": 1.0101996633000024e-06,
            "min": 1.0101996633000024e-06,
            "max": 0.00029788080070640015,
            "count": 183
        },
        "FishSF.Policy.LearningRate.sum": {
            "value": 1.0101996633000024e-06,
            "min": 1.0101996633000024e-06,
            "max": 0.00029788080070640015,
            "count": 183
        },
        "FishSF.Policy.Epsilon.mean": {
            "value": 0.10033670000000003,
            "min": 0.10033670000000003,
            "max": 0.1992936,
            "count": 183
        },
        "FishSF.Policy.Epsilon.sum": {
            "value": 0.10033670000000003,
            "min": 0.10033670000000003,
            "max": 0.1992936,
            "count": 183
        },
        "FishSF.Policy.Beta.mean": {
            "value": 2.6801330000000036e-05,
            "min": 2.6801330000000036e-05,
            "max": 0.004964750639999998,
            "count": 183
        },
        "FishSF.Policy.Beta.sum": {
            "value": 2.6801330000000036e-05,
            "min": 2.6801330000000036e-05,
            "max": 0.004964750639999998,
            "count": 183
        },
        "FishSF.Losses.CuriosityForwardLoss.mean": {
            "value": 0.06960996886094412,
            "min": 0.01872171778231859,
            "max": 100.2969873868502,
            "count": 183
        },
        "FishSF.Losses.CuriosityForwardLoss.sum": {
            "value": 0.06960996886094412,
            "min": 0.01872171778231859,
            "max": 100.2969873868502,
            "count": 183
        },
        "FishSF.Losses.CuriosityInverseLoss.mean": {
            "value": 0.5336809754371643,
            "min": 0.3528917233149211,
            "max": 2.491671617214496,
            "count": 183
        },
        "FishSF.Losses.CuriosityInverseLoss.sum": {
            "value": 0.5336809754371643,
            "min": 0.3528917233149211,
            "max": 2.491671617214496,
            "count": 183
        },
        "FishSF.Agent.avgGroupSize.mean": {
            "value": 3.2608695030212402,
            "min": 3.125,
            "max": 25.0,
            "count": 80
        },
        "FishSF.Agent.avgGroupSize.sum": {
            "value": 3.2608695030212402,
            "min": 3.125,
            "max": 25.0,
            "count": 80
        },
        "FishSF.Agent.maximumGroupSize.mean": {
            "value": 27.0,
            "min": 17.0,
            "max": 73.0,
            "count": 80
        },
        "FishSF.Agent.maximumGroupSize.sum": {
            "value": 27.0,
            "min": 17.0,
            "max": 73.0,
            "count": 80
        },
        "FishSF.Agent.TotalScore.mean": {
            "value": -18401.39453125,
            "min": -58357.94921875,
            "max": -1378.7315673828125,
            "count": 80
        },
        "FishSF.Agent.TotalScore.sum": {
            "value": -18401.39453125,
            "min": -58357.94921875,
            "max": -1378.7315673828125,
            "count": 80
        },
        "FishSF.Agent.AverageScore.mean": {
            "value": -245.3519287109375,
            "min": -778.1060180664062,
            "max": -18.383087158203125,
            "count": 80
        },
        "FishSF.Agent.AverageScore.sum": {
            "value": -245.3519287109375,
            "min": -778.1060180664062,
            "max": -18.383087158203125,