{
    "name": "root",
    "gauges": {
        "FishSF.Policy.Entropy.mean": {
            "value": 1.4357709884643555,
            "min": 1.4189382791519165,
            "max": 1.4480786323547363,
            "count": 200
        },
        "FishSF.Policy.Entropy.sum": {
            "value": 14106.4501953125,
            "min": 13638.7939453125,
            "max": 20432.7109375,
            "count": 200
        },
        "FishSF.Environment.LessonNumber.food_cluster.mean": {
            "value": 0.0,
            "min": 0.0,
            "max": 0.0,
            "count": 200
        },
        "FishSF.Environment.LessonNumber.food_cluster.sum": {
            "value": 0.0,
            "min": 0.0,
            "max": 0.0,
            "count": 200
        },
        "FishSF.Environment.EpisodeLength.mean": {
            "value": 6856.666666666667,
            "min": 36.4,
            "max": 23134.0,
            "count": 126
        },
        "FishSF.Environment.EpisodeLength.sum": {
            "value": 20570.0,
            "min": 145.0,
            "max": 72105.0,
            "count": 126
        },
        "FishSF.Step.mean": {
            "value": 1999961.0,
            "min": 9979.0,
            "max": 1999961.0,
            "count": 200
        },
        "FishSF.Step.sum": {
            "value": 1999961.0,
            "min": 9979.0,
            "max": 1999961.0,
            "count": 200
        },
        "FishSF.Policy.ExtrinsicValueEstimate.mean": {
            "value": -1.7287485599517822,
            "min": -10.258708000183105,
            "max": -0.2382499724626541,
            "count": 200
        },
        "FishSF.Policy.ExtrinsicValueEstimate.sum": {
            "value": -273.14227294921875,
            "min": -1610.6171875,
            "max": -37.166996002197266,
            "count": 200
        },
        "FishSF.Policy.CuriosityValueEstimate.mean": {
            "value": 0.14421331882476807,
            "min": -0.26098698377609253,
            "max": 2.3057734966278076,
            "count": 200
        },
        "FishSF.Policy.CuriosityValueEstimate.sum": {
            "value": 22.785703659057617,
            "min": -41.49692916870117,
            "max": 364.31219482421875,
            "count": 200
        },
        "FishSF.Environment.CumulativeReward.mean": {
            "value": -149.30000485976538,
            "min": -726.8500024080276,
            "max": -64.30000430345535,
            "count": 126
        },
        "FishSF.Environment.CumulativeReward.sum": {
            "value": -447.9000145792961,
            "min": -2893.200039625168,
            "max": -64.30000430345535,
            "count": 126
        },
        "FishSF.Policy.ExtrinsicReward.mean": {
            "value": -149.30000485976538,
            "min": -726.8500024080276,
            "max": -64.30000430345535,
            "count": 126
        },
        "FishSF.Policy.ExtrinsicReward.sum": {
            "value": -447.9000145792961,
            "min": -2893.200039625168,
            "max": -64.30000430345535,
            "count": 126
        },
        "FishSF.Policy.CuriosityReward.mean": {
            "value": 10.83810399658978,
            "min": 0.0,
            "max": 116.0643345285207,
            "count": 126
        },
        "FishSF.Policy.CuriosityReward.sum": {
            "value": 32.51431198976934,
            "min": 0.0,
            "max": 427.2871990054846,
            "count": 126
        },
        "FishSF.IsTraining.mean": {
            "value": 1.0,
            "min": 1.0,
            "max": 1.0,
            "count": 200
        },
        "FishSF.IsTraining.sum": {
            "value": 1.0,
            "min": 1.0,
            "max": 1.0,
            "count": 200
        },
        "FishSF.Losses.PolicyLoss.mean": {
            "value": 0.024741444922983646,
            "min": 0.01384587933619817,
            "max": 0.034129744954407217,
            "count": 189
        },
        "FishSF.Losses.PolicyLoss.sum": {
            "value": 0.024741444922983646,
            "min": 0.01384587933619817,
            "max": 0.034129744954407217,
            "count": 189
        },
        "FishSF.Losses.ValueLoss.mean": {
            "value": 0.5812547047932942,
            "min": 0.1932300493121147,
            "max": 17.9849640528361,
            "count": 189
        },
        "FishSF.Losses.ValueLoss.sum": {
            "value": 0.5812547047932942,
            "min": 0.1932300493121147,
            "max": 17.9849640528361,
            "count": 189
        },
        "FishSF.Policy.LearningRate.mean": {
            "value": 5.67099810999984e-07,
            "min": 5.67099810999984e-07,
            "max": 0.00029786955071015004,
            "count": 189
        },
        "FishSF.Policy.LearningRate.sum": {
            "value": 5.67099810999984e-07,
            "min": 5.67099810999984e-07,
            "max": 0.00029786955071015004,
            "count": 189
        },
        "FishSF.Policy.Epsilon.mean": {
            "value": 0.10018899999999999,
            "min": 0.10018899999999999,
            "max": 0.1992898500000001,
            "count": 189
        },
        "FishSF.Policy.Epsilon.sum": {
            "value": 0.10018899999999999,
            "min": 0.10018899999999999,
            "max": 0.1992898500000001,
            "count": 189
        },
        "FishSF.Policy.Beta.mean": {
            "value": 1.9431099999999733e-05,
            "min": 1.9431099999999733e-05,
            "max": 0.004964563514999998,
            "count": 189
        },
        "FishSF.Policy.Beta.sum": {
            "value": 1.9431099999999733e-05,
            "min": 1.9431099999999733e-05,
            "max": 0.004964563514999998,
            "count": 189
        },
        "FishSF.Losses.CuriosityForwardLoss.mean": {
            "value": 0.05927110823492209,
            "min": 0.027612168403963248,
            "max": 117.25129597003644,
            "count": 189
        },
        "FishSF.Losses.CuriosityForwardLoss.sum": {
            "value": 0.05927110823492209,
            "min": 0.027612168403963248,
            "max": 117.25129597003644,
            "count": 189
        },
        "FishSF.Losses.CuriosityInverseLoss.mean": {
            "value": 0.5864263653755188,
            "min": 0.35719922184944153,
            "max": 2.3280474558854714,
            "count": 189
        },
        "FishSF.Losses.CuriosityInverseLoss.sum": {
            "value": 0.5864263653755188,
            "min": 0.35719922184944153,
            "max": 2.3280474558854714,
            "count": 189
        },
        "FishSF.Agent.avgGroupSize.mean": {
            "value": 7.5,
            "min": 2.142857074737549,
            "max": 18.75,
            "count": 80
        },
        "FishSF.Agent.avgGroupSize.sum": {
            "value": 7.5,
            "min": 2.142857074737549,
            "max": 18.75,
            "count": 80
        },
        "FishSF.Agent.maximumGroupSize.mean": {
            "value": 34.0,
            "min": 5.0,
            "max": 67.0,
            "count": 80
        },
        "FishSF.Agent.maximumGroupSize.sum": {
            "value": 34.0,
            "min": 5.0,
            "max": 67.0,
            "count": 80
        },
        "FishSF.Agent.TotalScore.mean": {
            "value": -70648.15625,
            "min": -70648.15625,
            "max": -2456.92431640625,
            "count": 80
        },
        "FishSF.Agent.TotalScore.sum": {
            "value": -70648.15625,
            "min": -70648.15625,
            "max": -2456.92431640625,
            "count": 80
        },
        "FishSF.Agent.AverageScore.mean": {
            "value": -941.9754028320312,
            "min": -941.9754028320312,
            "max": -32.75899124145508,
            "count": 80
        },
        "FishSF.Agent.AverageScore.sum": {
            "value": -941.9754028320312,
            "min": -941.9754028320312,
            "max": -32.75899124145508,