{
    "name": "root",
    "gauges": {
        "FishSF.Policy.Entropy.mean": {
            "value": 1.3897216320037842,
            "min": 1.3897216320037842,
            "max": 1.419656753540039,
            "count": 32
        },
        "FishSF.Policy.Entropy.sum": {
            "value": 13341.3271484375,
            "min": 13341.3271484375,
            "max": 18162.41015625,
            "count": 32
        },
        "FishSF.Environment.LessonNumber.food_cluster.mean": {
            "value": 0.0,
            "min": 0.0,
            "max": 0.0,
            "count": 32
        },
        "FishSF.Environment.LessonNumber.food_cluster.sum": {
            "value": 0.0,
            "min": 0.0,
            "max": 0.0,
            "count": 32
        },
        "FishSF.Step.mean": {
            "value": 319936.0,
            "min": 9984.0,
            "max": 319936.0,
            "count": 32
        },
        "FishSF.Step.sum": {
            "value": 319936.0,
            "min": 9984.0,
            "max": 319936.0,
            "count": 32
        },
        "FishSF.Policy.ExtrinsicValueEstimate.mean": {
            "value": 0.7362808585166931,
            "min": -1.9876517057418823,
            "max": 2.3435800075531006,
            "count": 32
        },
        "FishSF.Policy.ExtrinsicValueEstimate.sum": {
            "value": 114.85981750488281,
            "min": -312.0613098144531,
            "max": 367.94207763671875,
            "count": 32
        },
        "FishSF.IsTraining.mean": {
            "value": 1.0,
            "min": 1.0,
            "max": 1.0,
            "count": 32
        },
        "FishSF.IsTraining.sum": {
            "value": 1.0,
            "min": 1.0,
            "max": 1.0,
            "count": 32
        },
        "FishSF.Losses.PolicyLoss.mean": {
            "value": 0.022771601914428174,
            "min": 0.018974210342599288,
            "max": 0.0304185023996979,
            "count": 24
        },
        "FishSF.Losses.PolicyLoss.sum": {
            "value": 0.022771601914428174,
            "min": 0.018974210342599288,
            "max": 0.0304185023996979,
            "count": 24
        },
        "FishSF.Losses.ValueLoss.mean": {
            "value": 1.68138364288542,
            "min": 0.22700237938099438,
            "max": 4.2190022468566895,
            "count": 24
        },
        "FishSF.Losses.ValueLoss.sum": {
            "value": 1.68138364288542,
            "min": 0.22700237938099438,
            "max": 4.2190022468566895,
            "count": 24
        },
        "FishSF.Policy.LearningRate.mean": {
            "value": 0.0002815680061439999,
            "min": 0.0002815680061439999,
            "max": 0.000299232000256,
            "count": 24
        },
        "FishSF.Policy.LearningRate.sum": {
            "value": 0.0002815680061439999,
            "min": 0.0002815680061439999,
            "max": 0.000299232000256,
            "count": 24
        },
        "FishSF.Policy.Epsilon.mean": {
            "value": 0.19385600000000003,
            "min": 0.19385600000000003,
            "max": 0.199744,
            "count": 24
        },
        "FishSF.Policy.Epsilon.sum": {
            "value": 0.19385600000000003,
            "min": 0.19385600000000003,
            "max": 0.199744,
            "count": 24
        },
        "FishSF.Policy.Beta.mean": {
            "value": 0.004693414400000002,
            "min": 0.004693414400000002,
            "max": 0.004987225600000001,
            "count": 24
        },
        "FishSF.Policy.Beta.sum": {
            "value": 0.004693414400000002,
            "min": 0.004693414400000002,
            "max": 0.004987225600000001,
            "count": 24
        },
        "FishSF.Agent.avgGroupSize.mean": {
            "value": 1.923076868057251,
            "min": 1.6666666269302368,
            "max": 16.66666603088379,
            "count": 19
        },
        "FishSF.Agent.avgGroupSize.sum": {
            "value": 1.923076868057251,
            "min": 1.6666666269302368,
            "max": 16.66666603088379,
            "count": 19
        },
        "FishSF.Agent.maximumGroupSize.mean": {
            "value": 16.0,
            "min": 8.0,
            "max": 45.0,
            "count": 19
        },
        "FishSF.Agent.maximumGroupSize.sum": {
            "value": 16.0,
            "min": 8.0,
            "max": 45.0,
            "count": 19
        },
        "FishSF.Agent.TotalScore.mean": {
            "value": -752.2996826171875,
            "min": -3557.397216796875,
            "max": -752.2996826171875,
            "count": 19
        },
        "FishSF.Agent.TotalScore.sum": {
            "value": -752.2996826171875,
            "min": -3557.397216796875,
            "max": -752.2996826171875,
            "count": 19
        },
        "FishSF.Agent.TotalWallHit.mean": {
            "value": 107.0,
            "min": 0.0,
            "max": 107.0,
            "count": 19
        },
        "FishSF.Agent.TotalWallHit.sum": {
            "value": 107.0,
            "min": 0.0,
            "max": 107.0,
            "count": 19
        },
        "FishSF.Agent.TotalAgentHit.mean": {
            "value": 754.0,
            "min": 264.0,
            "max": 754.0,
            "count": 19
        },
        "FishSF.Agent.TotalAgentHit.sum": {
            "value": 754.0,
            "min": 264.0,
            "max": 754.0,
            "count": 19
        },
        "FishSF.Agent.avgNeighbors.mean": {
            "value": 4.0778937339782715,
            "min": 4.0778937339782715,
            "max": 12.680000305175781,
            "count": 19
        },
        "FishSF.Agent.avgNeighbors.sum": {
            "value": 4.0778937339782715,
            "min": 4.0778937339782715,
            "max": 12.680000305175781,
            "count": 19
        },
        "FishSF.Agent.FoodEatenWhenHungry.mean": {
            "value": 1201.0,
            "min": 0.0,
            "max": 1201.0,
            "count": 19
        },
        "FishSF.Agent.FoodEatenWhenHungry.sum": {
            "value": 1201.0,
            "min": 0.0,
            "max": 1201.0,
            "count": 19
        },
        "FishSF.Agent.FoodEatenWhenNotHungry.mean": {
            "value": 0.0,
            "min": 0.0,
            "max": 0.0,
            "count": 19
        },
        "FishSF.Agent.FoodEatenWhenNotHungry.sum": {
            "value": 0.0,
            "min": 0.0,
            "max": 0.0,
            "count": 19
        }
    },
    "metadata": {
        "timer_format_version": "0.1.0",
        "start_time_seconds": "1648725737",
        "python_version": "3.9.9 (tags/v3.9.9:ccb0e6a, Nov 15 2021, 18:08:50) [MSC v.1929 64 bit (AMD64)]",
        "command_line_arguments": "C:\\Users\\Mon\\Desktop\\Senior\\ml-agents-release_18\\venv\\Scripts\\mlagents-learn config/ppo/FishSF_latest.yaml --run-id=sf-nb0.35f-e5f-nbvisible-foodintesity-acceleration --force",
        "mlagents_version": "0.27.0",
        "mlagents_envs_version": "0.27.0",
        "communication_protocol_version": "1.5.0",
        "pytorch_version": "1.7.1+cu110",
        "numpy_version": "1.22.0",
        "end_time_seconds": "1648726035"
    },
    "total": 297.7089687,
    "count": 1,
    "self": 0.008552000000008775,
    "children": {
        "run_training.setup": {
            "total": 0.11192150000000001,
            "count": 1,
            "self": 0.11192150000000001
        },
        "TrainerController.start_learning": {
            "total": 297.5884952,
            "count": 1,
            "self": 0.13207020000106695,
            "children": {
                "TrainerController._reset_env": {
                    "total": 5.6807069,
                    "count": 1,
                    "self": 5.6807069
                },
                "TrainerController.advance": {
                    "total": 291.5740100999989,
                    "count": 6401,
                    "self": 0.1917083999995839,