{
    "name": "root",
    "gauges": {
        "FishSF.Policy.Entropy.mean": {
            "value": 1.3718808889389038,
            "min": 1.3718808889389038,
            "max": 1.3804010152816772,
            "count": 9
        },
        "FishSF.Policy.Entropy.sum": {
            "value": 26340.11328125,
            "min": 26340.11328125,
            "max": 26503.69921875,
            "count": 9
        },
        "FishSF.Environment.EpisodeLength.mean": {
            "value": 1121.0,
            "min": 87.0,
            "max": 1121.0,
            "count": 2
        },
        "FishSF.Environment.EpisodeLength.sum": {
            "value": 2242.0,
            "min": 174.0,
            "max": 2242.0,
            "count": 2
        },
        "FishSF.Step.mean": {
            "value": 1169848.0,
            "min": 1009908.0,
            "max": 1169848.0,
            "count": 17
        },
        "FishSF.Step.sum": {
            "value": 1169848.0,
            "min": 1009908.0,
            "max": 1169848.0,
            "count": 17
        },
        "FishSF.Policy.ExtrinsicValueEstimate.mean": {
            "value": 1.1865931749343872,
            "min": 0.062393832951784134,
            "max": 1.5072879791259766,
            "count": 17
        },
        "FishSF.Policy.ExtrinsicValueEstimate.sum": {
            "value": 46.27713394165039,
            "min": 2.495753288269043,
            "max": 58.78422927856445,
            "count": 17
        },
        "FishSF.Policy.CuriosityValueEstimate.mean": {
            "value": 0.04032615199685097,
            "min": 0.04032615199685097,
            "max": 0.09398577362298965,
            "count": 17
        },
        "FishSF.Policy.CuriosityValueEstimate.sum": {
            "value": 1.572719931602478,
            "min": 1.572719931602478,
            "max": 3.7594308853149414,
            "count": 17
        },
        "FishSF.Environment.CumulativeReward.mean": {
            "value": 20.840491354465485,
            "min": -15.38700008392334,
            "max": 20.840491354465485,
            "count": 2
        },
        "FishSF.Environment.CumulativeReward.sum": {
            "value": 41.68098270893097,
            "min": -30.77400016784668,
            "max": 41.68098270893097,
            "count": 2
        },
        "FishSF.Policy.ExtrinsicReward.mean": {
            "value": 20.840491354465485,
            "min": -15.38700008392334,
            "max": 20.840491354465485,
            "count": 2
        },
        "FishSF.Policy.ExtrinsicReward.sum": {
            "value": 41.68098270893097,
            "min": -30.77400016784668,
            "max": 41.68098270893097,
            "count": 2
        },
        "FishSF.Policy.CuriosityReward.mean": {
            "value": 1.0329201221466064,
            "min": 0.0,
            "max": 1.0329201221466064,
            "count": 2
        },
        "FishSF.Policy.CuriosityReward.sum": {
            "value": 2.065840244293213,
            "min": 0.0,
            "max": 2.065840244293213,
            "count": 2
        },
        "FishSF.IsTraining.mean": {
            "value": 1.0,
            "min": 1.0,
            "max": 1.0,
            "count": 17
        },
        "FishSF.IsTraining.sum": {
            "value": 1.0,
            "min": 1.0,
            "max": 1.0,
            "count": 17
        },
        "FishSF.Losses.PolicyLoss.mean": {
            "value": 0.02643327592630629,
            "min": 0.02311834266098837,
            "max": 0.02827608655206859,
            "count": 8
        },
        "FishSF.Losses.PolicyLoss.sum": {
            "value": 0.02643327592630629,
            "min": 0.02311834266098837,
            "max": 0.02827608655206859,
            "count": 8
        },
        "FishSF.Losses.ValueLoss.mean": {
            "value": 1.2259763567535966,
            "min": 0.9079333146413168,
            "max": 1.3299639953507318,
            "count": 8
        },
        "FishSF.Losses.ValueLoss.sum": {
            "value": 1.2259763567535966,
            "min": 0.9079333146413168,
            "max": 1.3299639953507318,
            "count": 8
        },
        "FishSF.Policy.LearningRate.mean": {
            "value": 0.00023082290305903995,
            "min": 0.00023082290305903995,
            "max": 0.00023886794037735994,
            "count": 8
        },
        "FishSF.Policy.LearningRate.sum": {
            "value": 0.00023082290305903995,
            "min": 0.00023082290305903995,
            "max": 0.00023886794037735994,
            "count": 8
        },
        "FishSF.Policy.Epsilon.mean": {
            "value": 0.17694095999999995,
            "min": 0.17694095999999995,
            "max": 0.17962264,
            "count": 8
        },
        "FishSF.Policy.Epsilon.sum": {
            "value": 0.17694095999999995,
            "min": 0.17694095999999995,
            "max": 0.17962264,
            "count": 8
        },
        "FishSF.Policy.Beta.mean": {
            "value": 0.003849353904000002,
            "min": 0.003849353904000002,
            "max": 0.003983169735999999,
            "count": 8
        },
        "FishSF.Policy.Beta.sum": {
            "value": 0.003849353904000002,
            "min": 0.003849353904000002,
            "max": 0.003983169735999999,
            "count": 8
        },
        "FishSF.Losses.CuriosityForwardLoss.mean": {
            "value": 0.023497934660149947,
            "min": 0.023497934660149947,
            "max": 0.10485766621099578,
            "count": 8
        },
        "FishSF.Losses.CuriosityForwardLoss.sum": {
            "value": 0.023497934660149947,
            "min": 0.023497934660149947,
            "max": 0.10485766621099578,
            "count": 8
        },
        "FishSF.Losses.CuriosityInverseLoss.mean": {
            "value": 0.2238210271354075,
            "min": 0.2238210271354075,
            "max": 0.40089064008659786,
            "count": 8
        },
        "FishSF.Losses.CuriosityInverseLoss.sum": {
            "value": 0.2238210271354075,
            "min": 0.2238210271354075,
            "max": 0.40089064008659786,
            "count": 8
        },
        "FishSF.Agent.avgGroupSize.mean": {
            "value": 7.5,
            "min": 3.75,
            "max": 7.5,
            "count": 6
        },
        "FishSF.Agent.avgGroupSize.sum": {
            "value": 7.5,
            "min": 3.75,
            "max": 7.5,
            "count": 6
        },
        "FishSF.Agent.maximumGroupSize.mean": {
            "value": 34.0,
            "min": 17.0,
            "max": 39.0,
            "count": 6
        },
        "FishSF.Agent.maximumGroupSize.sum": {
            "value": 34.0,
            "min": 17.0,
            "max": 39.0,
            "count": 6
        },
        "FishSF.Agent.TotalScore.mean": {
            "value": 2132.385009765625,
            "min": 66.40303039550781,
            "max": 2132.385009765625,
            "count": 6
        },
        "FishSF.Agent.TotalScore.sum": {
            "value": 2132.385009765625,
            "min": 66.40303039550781,
            "max": 2132.385009765625,
            "count": 6
        },
        "FishSF.Agent.TotalWallHit.mean": {
            "value": 18.0,
            "min": 0.0,
            "max": 18.0,
            "count": 6
        },
        "FishSF.Agent.TotalWallHit.sum": {
            "value": 18.0,
            "min": 0.0,
            "max": 18.0,
            "count": 6
        },
        "FishSF.Agent.TotalAgentHit.mean": {
            "value": 234.0,
            "min": 88.0,
            "max": 234.0,
            "count": 6
        },
        "FishSF.Agent.TotalAgentHit.sum": {
            "value": 234.0,
            "min": 88.0,
            "max": 234.0,
            "count": 6
        },
        "FishSF.Agent.avgNeighbors.mean": {
            "value": 4.578664302825928,
            "min": 0.0,
            "max": 7.773332595825195,
            "count": 6
        },