{
    "name": "root",
    "gauges": {
        "FishSF.Policy.Entropy.mean": {
            "value": 1.4344303607940674,
            "min": 1.4189382791519165,
            "max": 1.4420199394226074,
            "count": 70
        },
        "FishSF.Policy.Entropy.sum": {
            "value": 14200.8603515625,
            "min": 13635.27734375,
            "max": 20432.7109375,
            "count": 70
        },
        "FishSF.Environment.LessonNumber.food_cluster.mean": {
            "value": 0.0,
            "min": 0.0,
            "max": 0.0,
            "count": 70
        },
        "FishSF.Environment.LessonNumber.food_cluster.sum": {
            "value": 0.0,
            "min": 0.0,
            "max": 0.0,
            "count": 70
        },
        "FishSF.Environment.EpisodeLength.mean": {
            "value": 570.0,
            "min": 60.6,
            "max": 8607.0,
            "count": 39
        },
        "FishSF.Environment.EpisodeLength.sum": {
            "value": 570.0,
            "min": 206.0,
            "max": 61051.0,
            "count": 39
        },
        "FishSF.Step.mean": {
            "value": 699996.0,
            "min": 9972.0,
            "max": 699996.0,
            "count": 70
        },
        "FishSF.Step.sum": {
            "value": 699996.0,
            "min": 9972.0,
            "max": 699996.0,
            "count": 70
        },
        "FishSF.Policy.ExtrinsicValueEstimate.mean": {
            "value": -1.9615890979766846,
            "min": -3.9986374378204346,
            "max": 0.7037716507911682,
            "count": 70
        },
        "FishSF.Policy.ExtrinsicValueEstimate.sum": {
            "value": -307.969482421875,
            "min": -631.7847290039062,
            "max": 111.1959228515625,
            "count": 70
        },
        "FishSF.Policy.CuriosityValueEstimate.mean": {
            "value": 0.08160660415887833,
            "min": -0.6903834342956543,
            "max": 0.9168251156806946,
            "count": 70
        },
        "FishSF.Policy.CuriosityValueEstimate.sum": {
            "value": 12.812236785888672,
            "min": -107.69981384277344,
            "max": 144.85836791992188,
            "count": 70
        },
        "FishSF.Environment.CumulativeReward.mean": {
            "value": -101.20000004768372,
            "min": -234.19999831914902,
            "max": -101.20000004768372,
            "count": 39
        },
        "FishSF.Environment.CumulativeReward.sum": {
            "value": -101.20000004768372,
            "min": -1876.0000218153,
            "max": -101.20000004768372,
            "count": 39
        },
        "FishSF.Policy.ExtrinsicReward.mean": {
            "value": -101.20000004768372,
            "min": -234.19999831914902,
            "max": -101.20000004768372,
            "count": 39
        },
        "FishSF.Policy.ExtrinsicReward.sum": {
            "value": -101.20000004768372,
            "min": -1876.0000218153,
            "max": -101.20000004768372,
            "count": 39
        },
        "FishSF.Policy.CuriosityReward.mean": {
            "value": 1.3511737063527107,
            "min": 0.0,
            "max": 47.07579658925533,
            "count": 39
        },
        "FishSF.Policy.CuriosityReward.sum": {
            "value": 1.3511737063527107,
            "min": 0.0,
            "max": 211.62060732208192,
            "count": 39
        },
        "FishSF.IsTraining.mean": {
            "value": 1.0,
            "min": 1.0,
            "max": 1.0,
            "count": 70
        },
        "FishSF.IsTraining.sum": {
            "value": 1.0,
            "min": 1.0,
            "max": 1.0,
            "count": 70
        },
        "FishSF.Losses.PolicyLoss.mean": {
            "value": 0.024870568218951426,
            "min": 0.0161673861866196,
            "max": 0.03203873493087788,
            "count": 63
        },
        "FishSF.Losses.PolicyLoss.sum": {
            "value": 0.024870568218951426,
            "min": 0.0161673861866196,
            "max": 0.03203873493087788,
            "count": 63
        },
        "FishSF.Losses.ValueLoss.mean": {
            "value": 0.44455937842528026,
            "min": 0.2508807395895322,
            "max": 27.409455680847167,
            "count": 63
        },
        "FishSF.Losses.ValueLoss.sum": {
            "value": 0.44455937842528026,
            "min": 0.2508807395895322,
            "max": 27.409455680847167,
            "count": 63
        },
        "FishSF.Policy.LearningRate.mean": {
            "value": 1.8669565205714452e-06,
            "min": 1.8669565205714452e-06,
            "max": 0.0002938885734657144,
            "count": 63
        },
        "FishSF.Policy.LearningRate.sum": {
            "value": 1.8669565205714452e-06,
            "min": 1.8669565205714452e-06,
            "max": 0.0002938885734657144,
            "count": 63
        },
        "FishSF.Policy.Epsilon.mean": {
            "value": 0.10062228571428569,
            "min": 0.10062228571428569,
            "max": 0.19796285714285725,
            "count": 63
        },
        "FishSF.Policy.Epsilon.sum": {
            "value": 0.10062228571428569,
            "min": 0.10062228571428569,
            "max": 0.19796285714285725,
            "count": 63
        },
        "FishSF.Policy.Beta.mean": {
            "value": 4.105205714285743e-05,
            "min": 4.105205714285743e-05,
            "max": 0.004898346571428571,
            "count": 63
        },
        "FishSF.Policy.Beta.sum": {
            "value": 4.105205714285743e-05,
            "min": 4.105205714285743e-05,
            "max": 0.004898346571428571,
            "count": 63
        },
        "FishSF.Losses.CuriosityForwardLoss.mean": {
            "value": 0.04405961620310942,
            "min": 0.02817561992754539,
            "max": 31.98386120184874,
            "count": 63
        },
        "FishSF.Losses.CuriosityForwardLoss.sum": {
            "value": 0.04405961620310942,
            "min": 0.02817561992754539,
            "max": 31.98386120184874,
            "count": 63
        },
        "FishSF.Losses.CuriosityInverseLoss.mean": {
            "value": 0.42865939637025197,
            "min": 0.2880698576569557,
            "max": 1.996823631800138,
            "count": 63
        },
        "FishSF.Losses.CuriosityInverseLoss.sum": {
            "value": 0.42865939637025197,
            "min": 0.2880698576569557,
            "max": 1.996823631800138,
            "count": 63
        },
        "FishSF.Agent.avgGroupSize.mean": {
            "value": 7.5,
            "min": 2.027027130126953,
            "max": 15.0,
            "count": 28
        },
        "FishSF.Agent.avgGroupSize.sum": {
            "value": 7.5,
            "min": 2.027027130126953,
            "max": 15.0,
            "count": 28
        },
        "FishSF.Agent.maximumGroupSize.mean": {
            "value": 26.0,
            "min": 6.0,
            "max": 67.0,
            "count": 28
        },
        "FishSF.Agent.maximumGroupSize.sum": {
            "value": 26.0,
            "min": 6.0,
            "max": 67.0,
            "count": 28
        },
        "FishSF.Agent.TotalScore.mean": {
            "value": -21453.9453125,
            "min": -21453.9453125,
            "max": -1960.0147705078125,
            "count": 28
        },
        "FishSF.Agent.TotalScore.sum": {
            "value": -21453.9453125,
            "min": -21453.9453125,
            "max": -1960.0147705078125,
            "count": 28
        },
        "FishSF.Agent.AverageScore.mean": {
            "value": -286.0526123046875,
            "min": -286.0526123046875,
            "max": -26.133529663085938,
            "count": 28
        },
        "FishSF.Agent.AverageScore.sum": {
            "value": -286.0526123046875,
            "min": -286.0526123046875,
            "max": -26.133529663085938,
            "count": 28
        },