{
    "name": "root",
    "gauges": {
        "FishSF.Policy.Entropy.mean": {
            "value": 1.3301241397857666,
            "min": 1.3301241397857666,
            "max": 1.4253336191177368,
            "count": 200
        },
        "FishSF.Policy.Entropy.sum": {
            "value": 12769.19140625,
            "min": 12769.19140625,
            "max": 20432.7109375,
            "count": 200
        },
        "FishSF.Environment.LessonNumber.food_cluster.mean": {
            "value": 2.0,
            "min": 0.0,
            "max": 2.0,
            "count": 200
        },
        "FishSF.Environment.LessonNumber.food_cluster.sum": {
            "value": 2.0,
            "min": 0.0,
            "max": 2.0,
            "count": 200
        },
        "FishSF.Environment.EpisodeLength.mean": {
            "value": 4420.0,
            "min": 54.25,
            "max": 7141.0,
            "count": 32
        },
        "FishSF.Environment.EpisodeLength.sum": {
            "value": 4420.0,
            "min": 217.0,
            "max": 54606.0,
            "count": 32
        },
        "FishSF.Step.mean": {
            "value": 1999985.0,
            "min": 9949.0,
            "max": 1999985.0,
            "count": 200
        },
        "FishSF.Step.sum": {
            "value": 1999985.0,
            "min": 9949.0,
            "max": 1999985.0,
            "count": 200
        },
        "FishSF.Policy.ExtrinsicValueEstimate.mean": {
            "value": -5.476105213165283,
            "min": -26.185462951660156,
            "max": 0.7767384052276611,
            "count": 200
        },
        "FishSF.Policy.ExtrinsicValueEstimate.sum": {
            "value": -859.74853515625,
            "min": -4084.93212890625,
            "max": 122.72467041015625,
            "count": 200
        },
        "FishSF.Policy.CuriosityValueEstimate.mean": {
            "value": 0.061548780649900436,
            "min": -1.5024526119232178,
            "max": 0.6481940150260925,
            "count": 200
        },
        "FishSF.Policy.CuriosityValueEstimate.sum": {
            "value": 9.663158416748047,
            "min": -237.38751220703125,
            "max": 105.00743103027344,
            "count": 200
        },
        "FishSF.Environment.CumulativeReward.mean": {
            "value": -165.10000079870224,
            "min": -537.7000021338463,
            "max": -100.35000240802765,
            "count": 32
        },
        "FishSF.Environment.CumulativeReward.sum": {
            "value": -165.10000079870224,
            "min": -4223.400032520294,
            "max": -104.49999856948853,
            "count": 32
        },
        "FishSF.Policy.ExtrinsicReward.mean": {
            "value": -165.10000079870224,
            "min": -537.7000021338463,
            "max": -100.35000240802765,
            "count": 32
        },
        "FishSF.Policy.ExtrinsicReward.sum": {
            "value": -165.10000079870224,
            "min": -4223.400032520294,
            "max": -104.49999856948853,
            "count": 32
        },
        "FishSF.Policy.CuriosityReward.mean": {
            "value": 4.285634150728583,
            "min": 0.0,
            "max": 68.52921672351658,
            "count": 32
        },
        "FishSF.Policy.CuriosityReward.sum": {
            "value": 4.285634150728583,
            "min": 0.0,
            "max": 339.80397731624544,
            "count": 32
        },
        "FishSF.IsTraining.mean": {
            "value": 1.0,
            "min": 1.0,
            "max": 1.0,
            "count": 200
        },
        "FishSF.IsTraining.sum": {
            "value": 1.0,
            "min": 1.0,
            "max": 1.0,
            "count": 200
        },
        "FishSF.Losses.PolicyLoss.mean": {
            "value": 0.020187190175056456,
            "min": 0.016286081383721188,
            "max": 0.03217924664107462,
            "count": 151
        },
        "FishSF.Losses.PolicyLoss.sum": {
            "value": 0.020187190175056456,
            "min": 0.016286081383721188,
            "max": 0.03217924664107462,
            "count": 151
        },
        "FishSF.Losses.ValueLoss.mean": {
            "value": 2.1072283665339153,
            "min": 0.11766747480783707,
            "max": 36.035881587437224,
            "count": 151
        },
        "FishSF.Losses.ValueLoss.sum": {
            "value": 2.1072283665339153,
            "min": 0.11766747480783707,
            "max": 36.035881587437224,
            "count": 151
        },
        "FishSF.Policy.LearningRate.mean": {
            "value": 1.883949372049998e-06,
            "min": 1.883949372049998e-06,
            "max": 0.00029786445071184996,
            "count": 151
        },
        "FishSF.Policy.LearningRate.sum": {
            "value": 1.883949372049998e-06,
            "min": 1.883949372049998e-06,
            "max": 0.00029786445071184996,
            "count": 151
        },
        "FishSF.Policy.Epsilon.mean": {
            "value": 0.10062794999999997,
            "min": 0.10062794999999997,
            "max": 0.19928815000000002,
            "count": 151
        },
        "FishSF.Policy.Epsilon.sum": {
            "value": 0.10062794999999997,
            "min": 0.10062794999999997,
            "max": 0.19928815000000002,
            "count": 151
        },
        "FishSF.Policy.Beta.mean": {
            "value": 4.133470499999995e-05,
            "min": 4.133470499999995e-05,
            "max": 0.004964478684999999,
            "count": 151
        },
        "FishSF.Policy.Beta.sum": {
            "value": 4.133470499999995e-05,
            "min": 4.133470499999995e-05,
            "max": 0.004964478684999999,
            "count": 151
        },
        "FishSF.Losses.CuriosityForwardLoss.mean": {
            "value": 0.01794587690383196,
            "min": 0.015101083625967685,
            "max": 26.035795120092537,
            "count": 151
        },
        "FishSF.Losses.CuriosityForwardLoss.sum": {
            "value": 0.01794587690383196,
            "min": 0.015101083625967685,
            "max": 26.035795120092537,
            "count": 151
        },
        "FishSF.Losses.CuriosityInverseLoss.mean": {
            "value": 0.37565758725007375,
            "min": 0.2858117878437042,
            "max": 1.8655955332976122,
            "count": 151
        },
        "FishSF.Losses.CuriosityInverseLoss.sum": {
            "value": 0.37565758725007375,
            "min": 0.2858117878437042,
            "max": 1.8655955332976122,
            "count": 151
        },
        "FishSF.Agent.avgGroupSize.mean": {
            "value": 5.769230842590332,
            "min": 3.75,
            "max": 75.0,
            "count": 80
        },
        "FishSF.Agent.avgGroupSize.sum": {
            "value": 5.769230842590332,
            "min": 3.75,
            "max": 75.0,
            "count": 80
        },
        "FishSF.Agent.maximumGroupSize.mean": {
            "value": 58.0,
            "min": 18.0,
            "max": 75.0,
            "count": 80
        },
        "FishSF.Agent.maximumGroupSize.sum": {
            "value": 58.0,
            "min": 18.0,
            "max": 75.0,
            "count": 80
        },
        "FishSF.Agent.TotalScore.mean": {
            "value": -49620.6953125,
            "min": -131728.984375,
            "max": -1845.13720703125,
            "count": 80
        },
        "FishSF.Agent.TotalScore.sum": {
            "value": -49620.6953125,
            "min": -131728.984375,
            "max": -1845.13720703125,
            "count": 80
        },
        "FishSF.Agent.TotalWallHit.mean": {
            "value": 2526.0,
            "min": 68.0,
            "max": 2526.0,
            "count": 80
        },
        "FishSF.Agent.TotalWallHit.sum": {
            "value": 2526.0,
            "min": 68.0,
            "max": 2526.0,
            "count": 80
        },