{
    "name": "root",
    "gauges": {
        "FishSF.Policy.Entropy.mean": {
            "value": 1.400813341140747,
            "min": 1.400813341140747,
            "max": 1.4055569171905518,
            "count": 12
        },
        "FishSF.Policy.Entropy.sum": {
            "value": 13447.8076171875,
            "min": 6744.7705078125,
            "max": 20240.01953125,
            "count": 12
        },
        "FishSF.Environment.LessonNumber.food_cluster.mean": {
            "value": 0.0,
            "min": 0.0,
            "max": 0.0,
            "count": 12
        },
        "FishSF.Environment.LessonNumber.food_cluster.sum": {
            "value": 0.0,
            "min": 0.0,
            "max": 0.0,
            "count": 12
        },
        "FishSF.Environment.EpisodeLength.mean": {
            "value": 881.0,
            "min": 17.666666666666668,
            "max": 881.0,
            "count": 2
        },
        "FishSF.Environment.EpisodeLength.sum": {
            "value": 881.0,
            "min": 53.0,
            "max": 881.0,
            "count": 2
        },
        "FishSF.Step.mean": {
            "value": 759954.0,
            "min": 649952.0,
            "max": 759954.0,
            "count": 12
        },
        "FishSF.Step.sum": {
            "value": 759954.0,
            "min": 649952.0,
            "max": 759954.0,
            "count": 12
        },
        "FishSF.Policy.ExtrinsicValueEstimate.mean": {
            "value": -9.080211639404297,
            "min": -9.080211639404297,
            "max": -4.329078197479248,
            "count": 12
        },
        "FishSF.Policy.ExtrinsicValueEstimate.sum": {
            "value": -1416.5130615234375,
            "min": -1416.5130615234375,
            "max": -404.9844055175781,
            "count": 12
        },
        "FishSF.Policy.CuriosityValueEstimate.mean": {
            "value": 0.1036253497004509,
            "min": 0.06908218562602997,
            "max": 0.21983131766319275,
            "count": 12
        },
        "FishSF.Policy.CuriosityValueEstimate.sum": {
            "value": 16.16555404663086,
            "min": 10.845903396606445,
            "max": 19.287124633789062,
            "count": 12
        },
        "FishSF.Environment.CumulativeReward.mean": {
            "value": -103.30000042915344,
            "min": -103.30000042915344,
            "max": -95.1999994913737,
            "count": 2
        },
        "FishSF.Environment.CumulativeReward.sum": {
            "value": -103.30000042915344,
            "min": -285.5999984741211,
            "max": -103.30000042915344,
            "count": 2
        },
        "FishSF.Policy.ExtrinsicReward.mean": {
            "value": -103.30000042915344,
            "min": -103.30000042915344,
            "max": -95.1999994913737,
            "count": 2
        },
        "FishSF.Policy.ExtrinsicReward.sum": {
            "value": -103.30000042915344,
            "min": -285.5999984741211,
            "max": -103.30000042915344,
            "count": 2
        },
        "FishSF.Policy.CuriosityReward.mean": {
            "value": 1.6671131998300552,
            "min": 0.0,
            "max": 1.6671131998300552,
            "count": 2
        },
        "FishSF.Policy.CuriosityReward.sum": {
            "value": 1.6671131998300552,
            "min": 0.0,
            "max": 1.6671131998300552,
            "count": 2
        },
        "FishSF.IsTraining.mean": {
            "value": 1.0,
            "min": 1.0,
            "max": 1.0,
            "count": 12
        },
        "FishSF.IsTraining.sum": {
            "value": 1.0,
            "min": 1.0,
            "max": 1.0,
            "count": 12
        },
        "FishSF.Losses.PolicyLoss.mean": {
            "value": 0.0242859126024303,
            "min": 0.01902260072529316,
            "max": 0.025873185734131506,
            "count": 7
        },
        "FishSF.Losses.PolicyLoss.sum": {
            "value": 0.0242859126024303,
            "min": 0.01902260072529316,
            "max": 0.025873185734131506,
            "count": 7
        },
        "FishSF.Losses.ValueLoss.mean": {
            "value": 2.902336046809242,
            "min": 1.5672922872361683,
            "max": 7.609415188813821,
            "count": 7
        },
        "FishSF.Losses.ValueLoss.sum": {
            "value": 2.902336046809242,
            "min": 1.5672922872361683,
            "max": 7.609415188813821,
            "count": 7
        },
        "FishSF.Policy.LearningRate.mean": {
            "value": 0.0001880133373289,
            "min": 0.0001880133373289,
            "max": 0.00020097123300959996,
            "count": 7
        },
        "FishSF.Policy.LearningRate.sum": {
            "value": 0.0001880133373289,
            "min": 0.0001880133373289,
            "max": 0.00020097123300959996,
            "count": 7
        },
        "FishSF.Policy.Epsilon.mean": {
            "value": 0.1626711,
            "min": 0.1626711,
            "max": 0.1669904000000001,
            "count": 7
        },
        "FishSF.Policy.Epsilon.sum": {
            "value": 0.1626711,
            "min": 0.1626711,
            "max": 0.1669904000000001,
            "count": 7
        },
        "FishSF.Policy.Beta.mean": {
            "value": 0.0031372878900000007,
            "min": 0.0031372878900000007,
            "max": 0.003352820960000001,
            "count": 7
        },
        "FishSF.Policy.Beta.sum": {
            "value": 0.0031372878900000007,
            "min": 0.0031372878900000007,
            "max": 0.003352820960000001,
            "count": 7
        },
        "FishSF.Losses.CuriosityForwardLoss.mean": {
            "value": 0.03043994932834591,
            "min": 0.03043994932834591,
            "max": 0.1813828150431315,
            "count": 7
        },
        "FishSF.Losses.CuriosityForwardLoss.sum": {
            "value": 0.03043994932834591,
            "min": 0.03043994932834591,
            "max": 0.1813828150431315,
            "count": 7
        },
        "FishSF.Losses.CuriosityInverseLoss.mean": {
            "value": 0.270345732214905,
            "min": 0.24514898764235632,
            "max": 0.4718278165046985,
            "count": 7
        },
        "FishSF.Losses.CuriosityInverseLoss.sum": {
            "value": 0.270345732214905,
            "min": 0.24514898764235632,
            "max": 0.4718278165046985,
            "count": 7
        },
        "FishSF.Agent.avgGroupSize.mean": {
            "value": 18.75,
            "min": 15.0,
            "max": 25.0,
            "count": 4
        },
        "FishSF.Agent.avgGroupSize.sum": {
            "value": 18.75,
            "min": 15.0,
            "max": 25.0,
            "count": 4
        },
        "FishSF.Agent.maximumGroupSize.mean": {
            "value": 67.0,
            "min": 66.0,
            "max": 67.0,
            "count": 4
        },
        "FishSF.Agent.maximumGroupSize.sum": {
            "value": 67.0,
            "min": 66.0,
            "max": 67.0,
            "count": 4
        },
        "FishSF.Agent.TotalScore.mean": {
            "value": -10951.7451171875,
            "min": -10951.7451171875,
            "max": -1980.3359375,
            "count": 4
        },
        "FishSF.Agent.TotalScore.sum": {
            "value": -10951.7451171875,
            "min": -10951.7451171875,
            "max": -1980.3359375,
            "count": 4
        },
        "FishSF.Agent.AverageScore.mean": {
            "value": -Infinity,
            "min": -Infinity,
            "max": -Infinity,
            "count": 4
        },
        "FishSF.Agent.AverageScore.sum": {
            "value": -Infinity,
            "min": -Infinity,
            "max": -Infinity,
            "count": 4
        },
        "FishSF.Agent.TotalWallHit.mean": {
            "value": 4.0,
            "min": 0.0,
            "max": 4.0,
            "count": 4
        },