{
    "name": "root",
    "gauges": {
        "FishSF.Policy.Entropy.mean": {
            "value": 1.1732007265090942,
            "min": 1.170978307723999,
            "max": 1.4195932149887085,
            "count": 171
        },
        "FishSF.Policy.Entropy.sum": {
            "value": 11262.7265625,
            "min": 11243.2890625,
            "max": 18162.41015625,
            "count": 171
        },
        "FishSF.Environment.LessonNumber.food_cluster.mean": {
            "value": 0.0,
            "min": 0.0,
            "max": 0.0,
            "count": 171
        },
        "FishSF.Environment.LessonNumber.food_cluster.sum": {
            "value": 0.0,
            "min": 0.0,
            "max": 0.0,
            "count": 171
        },
        "FishSF.Step.mean": {
            "value": 1709952.0,
            "min": 9984.0,
            "max": 1709952.0,
            "count": 171
        },
        "FishSF.Step.sum": {
            "value": 1709952.0,
            "min": 9984.0,
            "max": 1709952.0,
            "count": 171
        },
        "FishSF.Policy.ExtrinsicValueEstimate.mean": {
            "value": -8.293965339660645,
            "min": -16.264511108398438,
            "max": -0.24772074818611145,
            "count": 171
        },
        "FishSF.Policy.ExtrinsicValueEstimate.sum": {
            "value": -1293.8585205078125,
            "min": -2537.263671875,
            "max": -38.64443588256836,
            "count": 171
        },
        "FishSF.IsTraining.mean": {
            "value": 1.0,
            "min": 1.0,
            "max": 1.0,
            "count": 171
        },
        "FishSF.IsTraining.sum": {
            "value": 1.0,
            "min": 1.0,
            "max": 1.0,
            "count": 171
        },
        "FishSF.Losses.PolicyLoss.mean": {
            "value": 0.03099690135827081,
            "min": 0.015311168209235702,
            "max": 0.032151179414035544,
            "count": 133
        },
        "FishSF.Losses.PolicyLoss.sum": {
            "value": 0.03099690135827081,
            "min": 0.015311168209235702,
            "max": 0.032151179414035544,
            "count": 133
        },
        "FishSF.Losses.ValueLoss.mean": {
            "value": 3.696506871117486,
            "min": 0.061010336606866784,
            "max": 512.1305720011393,
            "count": 133
        },
        "FishSF.Losses.ValueLoss.sum": {
            "value": 3.696506871117486,
            "min": 0.061010336606866784,
            "max": 512.1305720011393,
            "count": 133
        },
        "FishSF.Policy.LearningRate.mean": {
            "value": 0.00019785603404800004,
            "min": 0.00019785603404800004,
            "max": 0.000299232000256,
            "count": 133
        },
        "FishSF.Policy.LearningRate.sum": {
            "value": 0.00019785603404800004,
            "min": 0.00019785603404800004,
            "max": 0.000299232000256,
            "count": 133
        },
        "FishSF.Policy.Epsilon.mean": {
            "value": 0.165952,
            "min": 0.165952,
            "max": 0.199744,
            "count": 133
        },
        "FishSF.Policy.Epsilon.sum": {
            "value": 0.165952,
            "min": 0.165952,
            "max": 0.199744,
            "count": 133
        },
        "FishSF.Policy.Beta.mean": {
            "value": 0.0033010048000000013,
            "min": 0.0033010048000000013,
            "max": 0.004987225600000001,
            "count": 133
        },
        "FishSF.Policy.Beta.sum": {
            "value": 0.0033010048000000013,
            "min": 0.0033010048000000013,
            "max": 0.004987225600000001,
            "count": 133
        },
        "FishSF.Agent.TotalScore.mean": {
            "value": -222519.0,
            "min": -222519.0,
            "max": -1641.0,
            "count": 102
        },
        "FishSF.Agent.TotalScore.sum": {
            "value": -222519.0,
            "min": -222519.0,
            "max": -1641.0,
            "count": 102
        },
        "FishSF.Agent.TotalWallHit.mean": {
            "value": 8921.0,
            "min": 28.0,
            "max": 8921.0,
            "count": 102
        },
        "FishSF.Agent.TotalWallHit.sum": {
            "value": 8921.0,
            "min": 28.0,
            "max": 8921.0,
            "count": 102
        },
        "FishSF.Agent.TotalAgentHit.mean": {
            "value": 30574.0,
            "min": 90.0,
            "max": 30574.0,
            "count": 102
        },
        "FishSF.Agent.TotalAgentHit.sum": {
            "value": 30574.0,
            "min": 90.0,
            "max": 30574.0,
            "count": 102
        },
        "FishSF.Agent.avgNeighbors.mean": {
            "value": 24.20000457763672,
            "min": 2.3999998569488525,
            "max": 24.20000457763672,
            "count": 102
        },
        "FishSF.Agent.avgNeighbors.sum": {
            "value": 24.20000457763672,
            "min": 2.3999998569488525,
            "max": 24.20000457763672,
            "count": 102
        },
        "FishSF.Agent.FoodEatenWhenHungry.mean": {
            "value": 1566.0,
            "min": 11.0,
            "max": 1566.0,
            "count": 102
        },
        "FishSF.Agent.FoodEatenWhenHungry.sum": {
            "value": 1566.0,
            "min": 11.0,
            "max": 1566.0,
            "count": 102
        },
        "FishSF.Agent.FoodEatenWhenNotHungry.mean": {
            "value": 0.0,
            "min": 0.0,
            "max": 0.0,
            "count": 102
        },
        "FishSF.Agent.FoodEatenWhenNotHungry.sum": {
            "value": 0.0,
            "min": 0.0,
            "max": 0.0,
            "count": 102
        }
    },
    "metadata": {
        "timer_format_version": "0.1.0",
        "start_time_seconds": "1648655674",
        "python_version": "3.9.9 (tags/v3.9.9:ccb0e6a, Nov 15 2021, 18:08:50) [MSC v.1929 64 bit (AMD64)]",
        "command_line_arguments": "C:\\Users\\Mon\\Desktop\\Senior\\ml-agents-release_18\\venv\\Scripts\\mlagents-learn config/ppo/FishSF_latest.yaml --run-id=sfnb0.35fnbvisible --force",
        "mlagents_version": "0.27.0",
        "mlagents_envs_version": "0.27.0",
        "communication_protocol_version": "1.5.0",
        "pytorch_version": "1.7.1+cu110",
        "numpy_version": "1.22.0",
        "end_time_seconds": "1648657720"
    },
    "total": 2045.7654352,
    "count": 1,
    "self": 0.009323099999846818,
    "children": {
        "run_training.setup": {
            "total": 0.10301369999999999,
            "count": 1,
            "self": 0.10301369999999999
        },
        "TrainerController.start_learning": {
            "total": 2045.6530984,
            "count": 1,
            "self": 0.7028505999851404,
            "children": {
                "TrainerController._reset_env": {
                    "total": 18.484869699999997,
                    "count": 1,
                    "self": 18.484869699999997
                },
                "TrainerController.advance": {
                    "total": 2026.2777219000147,
                    "count": 34294,
                    "self": 1.093610400020907,
                    "children": {
                        "env_step": {
                            "total": 1278.9561482999882,
                            "count": 34294,
                            "self": 1152.820572799968,
                            "children": {
                                "SubprocessEnvManager._take_step": {
                                    "total": 125.7643152999983,
                                    "count": 34294,
                                    "self": 3.0544940999505314,
                                    "children": {
                                        "TorchPolicy.evaluate": {
                                            "total": 122.70982120004777,
                                            "count": 34294,