{
    "name": "root",
    "gauges": {
        "FishSF.Policy.Entropy.mean": {
            "value": 1.3696426153182983,
            "min": 1.3696426153182983,
            "max": 1.437764286994934,
            "count": 86
        },
        "FishSF.Policy.Entropy.sum": {
            "value": 13148.5693359375,
            "min": 13148.5693359375,
            "max": 20432.7109375,
            "count": 86
        },
        "FishSF.Environment.EpisodeLength.mean": {
            "value": 178.0,
            "min": 6.0,
            "max": 5544.666666666667,
            "count": 30
        },
        "FishSF.Environment.EpisodeLength.sum": {
            "value": 178.0,
            "min": 30.0,
            "max": 33268.0,
            "count": 30
        },
        "FishSF.Environment.LessonNumber.food_cluster.mean": {
            "value": 1.0,
            "min": 0.0,
            "max": 1.0,
            "count": 86
        },
        "FishSF.Environment.LessonNumber.food_cluster.sum": {
            "value": 1.0,
            "min": 0.0,
            "max": 1.0,
            "count": 86
        },
        "FishSF.Step.mean": {
            "value": 859947.0,
            "min": 9955.0,
            "max": 859947.0,
            "count": 86
        },
        "FishSF.Step.sum": {
            "value": 859947.0,
            "min": 9955.0,
            "max": 859947.0,
            "count": 86
        },
        "FishSF.Policy.ExtrinsicValueEstimate.mean": {
            "value": -6.043911457061768,
            "min": -17.270172119140625,
            "max": 0.15374234318733215,
            "count": 86
        },
        "FishSF.Policy.ExtrinsicValueEstimate.sum": {
            "value": -942.8501586914062,
            "min": -2694.14697265625,
            "max": 23.98380470275879,
            "count": 86
        },
        "FishSF.Policy.CuriosityValueEstimate.mean": {
            "value": 0.04380032420158386,
            "min": 0.04380032420158386,
            "max": 1.4044578075408936,
            "count": 86
        },
        "FishSF.Policy.CuriosityValueEstimate.sum": {
            "value": 6.832850456237793,
            "min": 6.832850456237793,
            "max": 224.7132568359375,
            "count": 86
        },
        "FishSF.Environment.CumulativeReward.mean": {
            "value": -87.80000001192093,
            "min": -523.2333344320456,
            "max": -86.60000371932983,
            "count": 30
        },
        "FishSF.Environment.CumulativeReward.sum": {
            "value": -87.80000001192093,
            "min": -3139.4000065922737,
            "max": -86.60000371932983,
            "count": 30
        },
        "FishSF.Policy.ExtrinsicReward.mean": {
            "value": -87.80000001192093,
            "min": -523.2333344320456,
            "max": -86.60000371932983,
            "count": 30
        },
        "FishSF.Policy.ExtrinsicReward.sum": {
            "value": -87.80000001192093,
            "min": -3139.4000065922737,
            "max": -86.60000371932983,
            "count": 30
        },
        "FishSF.Policy.CuriosityReward.mean": {
            "value": 1.0351412780582905,
            "min": 0.0,
            "max": 40.346063017845154,
            "count": 30
        },
        "FishSF.Policy.CuriosityReward.sum": {
            "value": 1.0351412780582905,
            "min": 0.0,
            "max": 180.6091669537127,
            "count": 30
        },
        "FishSF.IsTraining.mean": {
            "value": 1.0,
            "min": 1.0,
            "max": 1.0,
            "count": 86
        },
        "FishSF.IsTraining.sum": {
            "value": 1.0,
            "min": 1.0,
            "max": 1.0,
            "count": 86
        },
        "FishSF.Losses.PolicyLoss.mean": {
            "value": 0.020964539399193155,
            "min": 0.017450651060789822,
            "max": 0.037213719837988414,
            "count": 72
        },
        "FishSF.Losses.PolicyLoss.sum": {
            "value": 0.020964539399193155,
            "min": 0.017450651060789822,
            "max": 0.037213719837988414,
            "count": 72
        },
        "FishSF.Losses.ValueLoss.mean": {
            "value": 2.568046740123204,
            "min": 0.33881643130665734,
            "max": 25.85983549753825,
            "count": 72
        },
        "FishSF.Losses.ValueLoss.sum": {
            "value": 2.568046740123204,
            "min": 0.33881643130665734,
            "max": 25.85983549753825,
            "count": 72
        },
        "FishSF.Policy.LearningRate.mean": {
            "value": 0.00017110399296535003,
            "min": 0.00017110399296535003,
            "max": 0.00029788275070575,
            "count": 72
        },
        "FishSF.Policy.LearningRate.sum": {
            "value": 0.00017110399296535003,
            "min": 0.00017110399296535003,
            "max": 0.00029788275070575,
            "count": 72
        },
        "FishSF.Policy.Epsilon.mean": {
            "value": 0.15703465,
            "min": 0.15703465,
            "max": 0.19929425000000006,
            "count": 72
        },
        "FishSF.Policy.Epsilon.sum": {
            "value": 0.15703465,
            "min": 0.15703465,
            "max": 0.19929425000000006,
            "count": 72
        },
        "FishSF.Policy.Beta.mean": {
            "value": 0.0028560290350000002,
            "min": 0.0028560290350000002,
            "max": 0.0049647830750000005,
            "count": 72
        },
        "FishSF.Policy.Beta.sum": {
            "value": 0.0028560290350000002,
            "min": 0.0028560290350000002,
            "max": 0.0049647830750000005,
            "count": 72
        },
        "FishSF.Losses.CuriosityForwardLoss.mean": {
            "value": 0.01911986521666958,
            "min": 0.01809537774395375,
            "max": 15.312455281233175,
            "count": 72
        },
        "FishSF.Losses.CuriosityForwardLoss.sum": {
            "value": 0.01911986521666958,
            "min": 0.01809537774395375,
            "max": 15.312455281233175,
            "count": 72
        },
        "FishSF.Losses.CuriosityInverseLoss.mean": {
            "value": 0.5787783208347502,
            "min": 0.37947817544142404,
            "max": 1.905258264297094,
            "count": 72
        },
        "FishSF.Losses.CuriosityInverseLoss.sum": {
            "value": 0.5787783208347502,
            "min": 0.37947817544142404,
            "max": 1.905258264297094,
            "count": 72
        },
        "FishSF.Agent.avgGroupSize.mean": {
            "value": 37.5,
            "min": 4.411764621734619,
            "max": 75.0,
            "count": 34
        },
        "FishSF.Agent.avgGroupSize.sum": {
            "value": 37.5,
            "min": 4.411764621734619,
            "max": 75.0,
            "count": 34
        },
        "FishSF.Agent.maximumGroupSize.mean": {
            "value": 50.0,
            "min": 20.0,
            "max": 75.0,
            "count": 34
        },
        "FishSF.Agent.maximumGroupSize.sum": {
            "value": 50.0,
            "min": 20.0,
            "max": 75.0,
            "count": 34
        },
        "FishSF.Agent.TotalScore.mean": {
            "value": -12807.326171875,
            "min": -62807.79296875,
            "max": -1840.741943359375,
            "count": 34
        },
        "FishSF.Agent.TotalScore.sum": {
            "value": -12807.326171875,
            "min": -62807.79296875,
            "max": -1840.741943359375,
            "count": 34
        },
        "FishSF.Agent.AverageScore.mean": {
            "value": -Infinity,
            "min": -Infinity,
            "max": -Infinity,
            "count": 34
        },
        "FishSF.Agent.AverageScore.sum": {
            "value": -Infinity,
            "min": -Infinity,
            "max": -Infinity,
            "count": 34
        },
        "FishSF.Agent.TotalWallHit.mean": {
            "value": 1044.0,
            "min": 58.0,