{
    "name": "root",
    "gauges": {
        "FishSF.Policy.Entropy.mean": {
            "value": 1.3806101083755493,
            "min": 1.3806101083755493,
            "max": 1.4340355396270752,
            "count": 147
        },
        "FishSF.Policy.Entropy.sum": {
            "value": 13253.857421875,
            "min": 13253.857421875,
            "max": 27243.615234375,
            "count": 147
        },
        "FishSF.Environment.EpisodeLength.mean": {
            "value": 10445.0,
            "min": 0.0,
            "max": 10445.0,
            "count": 41
        },
        "FishSF.Environment.EpisodeLength.sum": {
            "value": 20890.0,
            "min": 0.0,
            "max": 20890.0,
            "count": 41
        },
        "FishSF.Environment.LessonNumber.food_cluster.mean": {
            "value": 2.0,
            "min": 0.0,
            "max": 2.0,
            "count": 147
        },
        "FishSF.Environment.LessonNumber.food_cluster.sum": {
            "value": 2.0,
            "min": 0.0,
            "max": 2.0,
            "count": 147
        },
        "FishSF.Step.mean": {
            "value": 1469985.0,
            "min": 9985.0,
            "max": 1469985.0,
            "count": 147
        },
        "FishSF.Step.sum": {
            "value": 1469985.0,
            "min": 9985.0,
            "max": 1469985.0,
            "count": 147
        },
        "FishSF.Policy.ExtrinsicValueEstimate.mean": {
            "value": 1.661322832107544,
            "min": -4.18414831161499,
            "max": 1.9265401363372803,
            "count": 147
        },
        "FishSF.Policy.ExtrinsicValueEstimate.sum": {
            "value": 131.2445068359375,
            "min": -326.36358642578125,
            "max": 150.27012634277344,
            "count": 147
        },
        "FishSF.Policy.CuriosityValueEstimate.mean": {
            "value": 0.05888526514172554,
            "min": 0.043305907398462296,
            "max": 1.7432687282562256,
            "count": 147
        },
        "FishSF.Policy.CuriosityValueEstimate.sum": {
            "value": 4.651936054229736,
            "min": 3.3778607845306396,
            "max": 137.71823120117188,
            "count": 147
        },
        "FishSF.Environment.CumulativeReward.mean": {
            "value": 46.39999437332153,
            "min": -409.6000000834465,
            "max": 46.39999437332153,
            "count": 41
        },
        "FishSF.Environment.CumulativeReward.sum": {
            "value": 92.79998874664307,
            "min": -1017.799988090992,
            "max": 92.79998874664307,
            "count": 41
        },
        "FishSF.Policy.ExtrinsicReward.mean": {
            "value": 46.39999437332153,
            "min": -409.6000000834465,
            "max": 46.39999437332153,
            "count": 41
        },
        "FishSF.Policy.ExtrinsicReward.sum": {
            "value": 92.79998874664307,
            "min": -1017.799988090992,
            "max": 92.79998874664307,
            "count": 41
        },
        "FishSF.Policy.CuriosityReward.mean": {
            "value": 7.661918402649462,
            "min": 0.0,
            "max": 84.25013544410467,
            "count": 41
        },
        "FishSF.Policy.CuriosityReward.sum": {
            "value": 15.323836805298924,
            "min": 0.0,
            "max": 139.80121231079102,
            "count": 41
        },
        "FishSF.IsTraining.mean": {
            "value": 1.0,
            "min": 1.0,
            "max": 1.0,
            "count": 147
        },
        "FishSF.IsTraining.sum": {
            "value": 1.0,
            "min": 1.0,
            "max": 1.0,
            "count": 147
        },
        "FishSF.Losses.PolicyLoss.mean": {
            "value": 0.02526497570970268,
            "min": 0.01622908274487903,
            "max": 0.03330540931783617,
            "count": 104
        },
        "FishSF.Losses.PolicyLoss.sum": {
            "value": 0.02526497570970268,
            "min": 0.01622908274487903,
            "max": 0.03330540931783617,
            "count": 104
        },
        "FishSF.Losses.ValueLoss.mean": {
            "value": 1.5206353002124362,
            "min": 0.4843587902960954,
            "max": 13.34465347925822,
            "count": 104
        },
        "FishSF.Losses.ValueLoss.sum": {
            "value": 1.5206353002124362,
            "min": 0.4843587902960954,
            "max": 13.34465347925822,
            "count": 104
        },
        "FishSF.Policy.LearningRate.mean": {
            "value": 8.134552288484998e-05,
            "min": 8.134552288484998e-05,
            "max": 0.00029713905095364997,
            "count": 104
        },
        "FishSF.Policy.LearningRate.sum": {
            "value": 8.134552288484998e-05,
            "min": 8.134552288484998e-05,
            "max": 0.00029713905095364997,
            "count": 104
        },
        "FishSF.Policy.Epsilon.mean": {
            "value": 0.12711515,
            "min": 0.12711515,
            "max": 0.19904634999999996,
            "count": 104
        },
        "FishSF.Policy.Epsilon.sum": {
            "value": 0.12711515,
            "min": 0.12711515,
            "max": 0.19904634999999996,
            "count": 104
        },
        "FishSF.Policy.Beta.mean": {
            "value": 0.0013630459850000008,
            "min": 0.0013630459850000008,
            "max": 0.0049524128649999985,
            "count": 104
        },
        "FishSF.Policy.Beta.sum": {
            "value": 0.0013630459850000008,
            "min": 0.0013630459850000008,
            "max": 0.0049524128649999985,
            "count": 104
        },
        "FishSF.Losses.CuriosityForwardLoss.mean": {
            "value": 0.030305228058110784,
            "min": 0.01791792619904434,
            "max": 7.4329891138606605,
            "count": 104
        },
        "FishSF.Losses.CuriosityForwardLoss.sum": {
            "value": 0.030305228058110784,
            "min": 0.01791792619904434,
            "max": 7.4329891138606605,
            "count": 104
        },
        "FishSF.Losses.CuriosityInverseLoss.mean": {
            "value": 0.5171718911992179,
            "min": 0.21704604062769148,
            "max": 1.7999937733014424,
            "count": 104
        },
        "FishSF.Losses.CuriosityInverseLoss.sum": {
            "value": 0.5171718911992179,
            "min": 0.21704604062769148,
            "max": 1.7999937733014424,
            "count": 104
        },
        "FishSF.Agent.avgGroupSize.mean": {
            "value": 2.777777671813965,
            "min": 2.5862069129943848,
            "max": 37.5,
            "count": 59
        },
        "FishSF.Agent.avgGroupSize.sum": {
            "value": 2.777777671813965,
            "min": 2.5862069129943848,
            "max": 37.5,
            "count": 59
        },
        "FishSF.Agent.maximumGroupSize.mean": {
            "value": 15.0,
            "min": 14.0,
            "max": 74.0,
            "count": 59
        },
        "FishSF.Agent.maximumGroupSize.sum": {
            "value": 15.0,
            "min": 14.0,
            "max": 74.0,
            "count": 59
        },
        "FishSF.Agent.TotalScore.mean": {
            "value": 470.4244384765625,
            "min": -20558.626953125,
            "max": 3798.703857421875,
            "count": 59
        },
        "FishSF.Agent.TotalScore.sum": {
            "value": 470.4244384765625,
            "min": -20558.626953125,
            "max": 3798.703857421875,
            "count": 59
        },
        "FishSF.Agent.AverageScore.mean": {
            "value": Infinity,
            "min": -Infinity,
            "max": Infinity,
            "count": 59
        },
        "FishSF.Agent.AverageScore.sum": {
            "value": Infinity,
            "min": -Infinity,
            "max": Infinity,
            "count": 59
        },