{
    "name": "root",
    "gauges": {
        "FishSF.Policy.Entropy.mean": {
            "value": 1.3997300863265991,
            "min": 1.3997300863265991,
            "max": 1.4404206275939941,
            "count": 71
        },
        "FishSF.Policy.Entropy.sum": {
            "value": 14067.287109375,
            "min": 9173.46875,
            "max": 16380.80859375,
            "count": 71
        },
        "FishSF.Environment.LessonNumber.food_cluster.mean": {
            "value": 0.0,
            "min": 0.0,
            "max": 0.0,
            "count": 71
        },
        "FishSF.Environment.LessonNumber.food_cluster.sum": {
            "value": 0.0,
            "min": 0.0,
            "max": 0.0,
            "count": 71
        },
        "FishSF.Environment.EpisodeLength.mean": {
            "value": 10959.0,
            "min": 24.142857142857142,
            "max": 10959.0,
            "count": 18
        },
        "FishSF.Environment.EpisodeLength.sum": {
            "value": 10959.0,
            "min": 169.0,
            "max": 15051.0,
            "count": 18
        },
        "FishSF.Step.mean": {
            "value": 879961.0,
            "min": 179987.0,
            "max": 879961.0,
            "count": 71
        },
        "FishSF.Step.sum": {
            "value": 879961.0,
            "min": 179987.0,
            "max": 879961.0,
            "count": 71
        },
        "FishSF.Policy.ExtrinsicValueEstimate.mean": {
            "value": -3.631676197052002,
            "min": -4.559831619262695,
            "max": 1.3977659940719604,
            "count": 71
        },
        "FishSF.Policy.ExtrinsicValueEstimate.sum": {
            "value": -566.54150390625,
            "min": -566.54150390625,
            "max": 218.05149841308594,
            "count": 71
        },
        "FishSF.Policy.CuriosityValueEstimate.mean": {
            "value": 0.09577776491641998,
            "min": 0.052734386175870895,
            "max": 1.3488157987594604,
            "count": 71
        },
        "FishSF.Policy.CuriosityValueEstimate.sum": {
            "value": 14.94133186340332,
            "min": 8.226564407348633,
            "max": 112.1902847290039,
            "count": 71
        },
        "FishSF.Environment.CumulativeReward.mean": {
            "value": -39.700003027915955,
            "min": -250.70000439882278,
            "max": -39.20000475645065,
            "count": 18
        },
        "FishSF.Environment.CumulativeReward.sum": {
            "value": -39.700003027915955,
            "min": -708.6999969482422,
            "max": -39.20000475645065,
            "count": 18
        },
        "FishSF.Policy.ExtrinsicReward.mean": {
            "value": -39.700003027915955,
            "min": -250.70000439882278,
            "max": -39.20000475645065,
            "count": 18
        },
        "FishSF.Policy.ExtrinsicReward.sum": {
            "value": -39.700003027915955,
            "min": -708.6999969482422,
            "max": -39.20000475645065,
            "count": 18
        },
        "FishSF.Policy.CuriosityReward.mean": {
            "value": 14.645755834877491,
            "min": 0.0,
            "max": 14.645755834877491,
            "count": 18
        },
        "FishSF.Policy.CuriosityReward.sum": {
            "value": 14.645755834877491,
            "min": 0.0,
            "max": 25.89213358424604,
            "count": 18
        },
        "FishSF.IsTraining.mean": {
            "value": 1.0,
            "min": 1.0,
            "max": 1.0,
            "count": 71
        },
        "FishSF.IsTraining.sum": {
            "value": 1.0,
            "min": 1.0,
            "max": 1.0,
            "count": 71
        },
        "FishSF.Losses.PolicyLoss.mean": {
            "value": 0.01604356033106645,
            "min": 0.01604356033106645,
            "max": 0.034593125743170576,
            "count": 63
        },
        "FishSF.Losses.PolicyLoss.sum": {
            "value": 0.01604356033106645,
            "min": 0.01604356033106645,
            "max": 0.034593125743170576,
            "count": 63
        },
        "FishSF.Losses.ValueLoss.mean": {
            "value": 0.6201667785644531,
            "min": 0.24000117182731628,
            "max": 14.924494107564291,
            "count": 63
        },
        "FishSF.Losses.ValueLoss.sum": {
            "value": 0.6201667785644531,
            "min": 0.24000117182731628,
            "max": 14.924494107564291,
            "count": 63
        },
        "FishSF.Policy.LearningRate.mean": {
            "value": 0.00024778219740594,
            "min": 0.00024778219740594,
            "max": 0.00028869006376998,
            "count": 63
        },
        "FishSF.Policy.LearningRate.sum": {
            "value": 0.00024778219740594,
            "min": 0.00024778219740594,
            "max": 0.00028869006376998,
            "count": 63
        },
        "FishSF.Policy.Epsilon.mean": {
            "value": 0.18259405999999992,
            "min": 0.18259405999999992,
            "max": 0.19623001999999998,
            "count": 63
        },
        "FishSF.Policy.Epsilon.sum": {
            "value": 0.18259405999999992,
            "min": 0.18259405999999992,
            "max": 0.19623001999999998,
            "count": 63
        },
        "FishSF.Policy.Beta.mean": {
            "value": 0.0041314435940000005,
            "min": 0.0041314435940000005,
            "max": 0.004811877998000001,
            "count": 63
        },
        "FishSF.Policy.Beta.sum": {
            "value": 0.0041314435940000005,
            "min": 0.0041314435940000005,
            "max": 0.004811877998000001,
            "count": 63
        },
        "FishSF.Losses.CuriosityForwardLoss.mean": {
            "value": 0.016126677052428325,
            "min": 0.016126677052428325,
            "max": 0.3938814360234473,
            "count": 63
        },
        "FishSF.Losses.CuriosityForwardLoss.sum": {
            "value": 0.016126677052428325,
            "min": 0.016126677052428325,
            "max": 0.3938814360234473,
            "count": 63
        },
        "FishSF.Losses.CuriosityInverseLoss.mean": {
            "value": 0.440016907453537,
            "min": 0.24927890797456106,
            "max": 0.8238740240534147,
            "count": 63
        },
        "FishSF.Losses.CuriosityInverseLoss.sum": {
            "value": 0.440016907453537,
            "min": 0.24927890797456106,
            "max": 0.8238740240534147,
            "count": 63
        },
        "FishSF.Agent.avgGroupSize.mean": {
            "value": 25.0,
            "min": 1.7241379022598267,
            "max": 25.0,
            "count": 42
        },
        "FishSF.Agent.avgGroupSize.sum": {
            "value": 25.0,
            "min": 1.7241379022598267,
            "max": 25.0,
            "count": 42
        },
        "FishSF.Agent.maximumGroupSize.mean": {
            "value": 49.0,
            "min": 7.0,
            "max": 49.0,
            "count": 42
        },
        "FishSF.Agent.maximumGroupSize.sum": {
            "value": 49.0,
            "min": 7.0,
            "max": 49.0,
            "count": 42
        },
        "FishSF.Agent.TotalScore.mean": {
            "value": -15574.361328125,
            "min": -15574.361328125,
            "max": -916.9873657226562,
            "count": 42
        },
        "FishSF.Agent.TotalScore.sum": {
            "value": -15574.361328125,
            "min": -15574.361328125,
            "max": -916.9873657226562,
            "count": 42
        },
        "FishSF.Agent.TotalWallHit.mean": {
            "value": 1172.0,
            "min": 15.0,
            "max": 1172.0,
            "count": 42
        },
        "FishSF.Agent.TotalWallHit.sum": {
            "value": 1172.0,
            "min": 15.0,
            "max": 1172.0,
            "count": 42
        },
        "FishSF.Agent.TotalAgentHit.mean": {
            "value": 3856.0,