{
    "name": "root",
    "gauges": {
        "FishSF.Policy.Entropy.mean": {
            "value": 1.3961162567138672,
            "min": 1.3952183723449707,
            "max": 1.4241539239883423,
            "count": 37
        },
        "FishSF.Policy.Entropy.sum": {
            "value": 14030.96875,
            "min": 13394.0966796875,
            "max": 18162.41015625,
            "count": 37
        },
        "FishSF.Environment.LessonNumber.food_cluster.mean": {
            "value": 0.0,
            "min": 0.0,
            "max": 0.0,
            "count": 37
        },
        "FishSF.Environment.LessonNumber.food_cluster.sum": {
            "value": 0.0,
            "min": 0.0,
            "max": 0.0,
            "count": 37
        },
        "FishSF.Step.mean": {
            "value": 369944.0,
            "min": 9984.0,
            "max": 369944.0,
            "count": 37
        },
        "FishSF.Step.sum": {
            "value": 369944.0,
            "min": 9984.0,
            "max": 369944.0,
            "count": 37
        },
        "FishSF.Policy.ExtrinsicValueEstimate.mean": {
            "value": -1.0040620565414429,
            "min": -2.5730528831481934,
            "max": 0.03451942652463913,
            "count": 37
        },
        "FishSF.Policy.ExtrinsicValueEstimate.sum": {
            "value": -156.63368225097656,
            "min": -409.11541748046875,
            "max": 5.385030746459961,
            "count": 37
        },
        "FishSF.IsTraining.mean": {
            "value": 1.0,
            "min": 1.0,
            "max": 1.0,
            "count": 37
        },
        "FishSF.IsTraining.sum": {
            "value": 1.0,
            "min": 1.0,
            "max": 1.0,
            "count": 37
        },
        "FishSF.Losses.PolicyLoss.mean": {
            "value": 0.02339255561431249,
            "min": 0.018917572079226376,
            "max": 0.032725835653642815,
            "count": 33
        },
        "FishSF.Losses.PolicyLoss.sum": {
            "value": 0.02339255561431249,
            "min": 0.018917572079226376,
            "max": 0.032725835653642815,
            "count": 33
        },
        "FishSF.Losses.ValueLoss.mean": {
            "value": 0.22370557660857837,
            "min": 0.07095813987155755,
            "max": 10.33399821917216,
            "count": 33
        },
        "FishSF.Losses.ValueLoss.sum": {
            "value": 0.22370557660857837,
            "min": 0.07095813987155755,
            "max": 10.33399821917216,
            "count": 33
        },
        "FishSF.Policy.LearningRate.mean": {
            "value": 0.00027796848734383994,
            "min": 0.00027796848734383994,
            "max": 0.000299232000256,
            "count": 33
        },
        "FishSF.Policy.LearningRate.sum": {
            "value": 0.00027796848734383994,
            "min": 0.00027796848734383994,
            "max": 0.000299232000256,
            "count": 33
        },
        "FishSF.Policy.Epsilon.mean": {
            "value": 0.19265616000000005,
            "min": 0.19265616000000005,
            "max": 0.199744,
            "count": 33
        },
        "FishSF.Policy.Epsilon.sum": {
            "value": 0.19265616000000005,
            "min": 0.19265616000000005,
            "max": 0.199744,
            "count": 33
        },
        "FishSF.Policy.Beta.mean": {
            "value": 0.004633542383999999,
            "min": 0.004633542383999999,
            "max": 0.004987225600000001,
            "count": 33
        },
        "FishSF.Policy.Beta.sum": {
            "value": 0.004633542383999999,
            "min": 0.004633542383999999,
            "max": 0.004987225600000001,
            "count": 33
        },
        "FishSF.Agent.avgGroupSize.mean": {
            "value": 16.66666603088379,
            "min": 2.777777671813965,
            "max": 16.66666603088379,
            "count": 22
        },
        "FishSF.Agent.avgGroupSize.sum": {
            "value": 16.66666603088379,
            "min": 2.777777671813965,
            "max": 16.66666603088379,
            "count": 22
        },
        "FishSF.Agent.maximumGroupSize.mean": {
            "value": 27.0,
            "min": 8.0,
            "max": 42.0,
            "count": 22
        },
        "FishSF.Agent.maximumGroupSize.sum": {
            "value": 27.0,
            "min": 8.0,
            "max": 42.0,
            "count": 22
        },
        "FishSF.Agent.TotalScore.mean": {
            "value": -4636.63525390625,
            "min": -4636.63525390625,
            "max": -709.0521850585938,
            "count": 22
        },
        "FishSF.Agent.TotalScore.sum": {
            "value": -4636.63525390625,
            "min": -4636.63525390625,
            "max": -709.0521850585938,
            "count": 22
        },
        "FishSF.Agent.TotalWallHit.mean": {
            "value": 323.0,
            "min": 68.0,
            "max": 323.0,
            "count": 22
        },
        "FishSF.Agent.TotalWallHit.sum": {
            "value": 323.0,
            "min": 68.0,
            "max": 323.0,
            "count": 22
        },
        "FishSF.Agent.TotalAgentHit.mean": {
            "value": 1122.0,
            "min": 56.0,
            "max": 1122.0,
            "count": 22
        },
        "FishSF.Agent.TotalAgentHit.sum": {
            "value": 1122.0,
            "min": 56.0,
            "max": 1122.0,
            "count": 22
        },
        "FishSF.Agent.avgNeighbors.mean": {
            "value": 17.316184997558594,
            "min": 0.0,
            "max": 17.316184997558594,
            "count": 22
        },
        "FishSF.Agent.avgNeighbors.sum": {
            "value": 17.316184997558594,
            "min": 0.0,
            "max": 17.316184997558594,
            "count": 22
        },
        "FishSF.Agent.FoodEaten.mean": {
            "value": 1109.0,
            "min": 126.0,
            "max": 1109.0,
            "count": 22
        },
        "FishSF.Agent.FoodEaten.sum": {
            "value": 1109.0,
            "min": 126.0,
            "max": 1109.0,
            "count": 22
        },
        "FishSF.Agent.TotalTimesEatenByPredator.mean": {
            "value": 67.0,
            "min": 0.0,
            "max": 67.0,
            "count": 22
        },
        "FishSF.Agent.TotalTimesEatenByPredator.sum": {
            "value": 67.0,
            "min": 0.0,
            "max": 67.0,
            "count": 22
        },
        "FishSF.Environment.EpisodeLength.mean": {
            "value": 4546.8,
            "min": 416.0,
            "max": 4546.8,
            "count": 23
        },
        "FishSF.Environment.EpisodeLength.sum": {
            "value": 22734.0,
            "min": 656.0,
            "max": 23407.0,
            "count": 23
        },
        "FishSF.Environment.CumulativeReward.mean": {
            "value": -118.8299968957901,
            "min": -155.09999746084213,
            "max": 19.824999809265137,
            "count": 23
        },
        "FishSF.Environment.CumulativeReward.sum": {
            "value": -594.1499844789505,
            "min": -841.9999899566174,
            "max": 39.64999961853027,
            "count": 23
        },
        "FishSF.Policy.ExtrinsicReward.mean": {
            "value": -118.8299968957901,
            "min": -155.09999746084213,
            "max": 19.824999809265137,
            "count": 23
        },
        "FishSF.Policy.ExtrinsicReward.sum": {
            "value": -594.1499844789505,
            "min": -841.9999899566174,
            "max": 39.64999961853027,
            "count": 23
        }
    },
    "metadata": {
        "timer_format_version": "0.1.0",
        "start_time_seconds": "1648809881",
        "python_version": "3.9.9 (tags/v3.9.9:ccb0e6a, Nov 15 2021, 18:08:50) [MSC v.1929 64 bit (AMD64)]",