{
    "name": "root",
    "gauges": {
        "FishSF.Policy.Entropy.mean": {
            "value": 1.331944227218628,
            "min": 1.331944227218628,
            "max": 1.4293245077133179,
            "count": 200
        },
        "FishSF.Policy.Entropy.sum": {
            "value": 12786.6650390625,
            "min": 12786.6650390625,
            "max": 20432.7109375,
            "count": 200
        },
        "FishSF.Environment.LessonNumber.food_cluster.mean": {
            "value": 2.0,
            "min": 0.0,
            "max": 2.0,
            "count": 200
        },
        "FishSF.Environment.LessonNumber.food_cluster.sum": {
            "value": 2.0,
            "min": 0.0,
            "max": 2.0,
            "count": 200
        },
        "FishSF.Environment.EpisodeLength.mean": {
            "value": 6841.285714285715,
            "min": 45.833333333333336,
            "max": 6841.285714285715,
            "count": 41
        },
        "FishSF.Environment.EpisodeLength.sum": {
            "value": 47889.0,
            "min": 248.0,
            "max": 75851.0,
            "count": 41
        },
        "FishSF.Step.mean": {
            "value": 1999990.0,
            "min": 9945.0,
            "max": 1999990.0,
            "count": 200
        },
        "FishSF.Step.sum": {
            "value": 1999990.0,
            "min": 9945.0,
            "max": 1999990.0,
            "count": 200
        },
        "FishSF.Policy.ExtrinsicValueEstimate.mean": {
            "value": -20.001991271972656,
            "min": -21.475019454956055,
            "max": -0.33555611968040466,
            "count": 200
        },
        "FishSF.Policy.ExtrinsicValueEstimate.sum": {
            "value": -3140.3125,
            "min": -3371.578125,
            "max": -53.01786804199219,
            "count": 200
        },
        "FishSF.Policy.CuriosityValueEstimate.mean": {
            "value": 0.06147119775414467,
            "min": -0.6662676930427551,
            "max": 0.2318253517150879,
            "count": 200
        },
        "FishSF.Policy.CuriosityValueEstimate.sum": {
            "value": 9.650978088378906,
            "min": -105.27029418945312,
            "max": 37.09205627441406,
            "count": 200
        },
        "FishSF.Environment.CumulativeReward.mean": {
            "value": -816.1857174805233,
            "min": -846.669235756764,
            "max": -43.200001537799835,
            "count": 41
        },
        "FishSF.Environment.CumulativeReward.sum": {
            "value": -5713.300022363663,
            "min": -11006.700064837933,
            "max": -43.200001537799835,
            "count": 41
        },
        "FishSF.Policy.ExtrinsicReward.mean": {
            "value": -816.1857174805233,
            "min": -846.669235756764,
            "max": -43.200001537799835,
            "count": 41
        },
        "FishSF.Policy.ExtrinsicReward.sum": {
            "value": -5713.300022363663,
            "min": -11006.700064837933,
            "max": -43.200001537799835,
            "count": 41
        },
        "FishSF.Policy.CuriosityReward.mean": {
            "value": 3.946697479779167,
            "min": 0.0,
            "max": 17.200884841382504,
            "count": 41
        },
        "FishSF.Policy.CuriosityReward.sum": {
            "value": 27.626882358454168,
            "min": 0.0,
            "max": 82.71884434763342,
            "count": 41
        },
        "FishSF.IsTraining.mean": {
            "value": 1.0,
            "min": 1.0,
            "max": 1.0,
            "count": 200
        },
        "FishSF.IsTraining.sum": {
            "value": 1.0,
            "min": 1.0,
            "max": 1.0,
            "count": 200
        },
        "FishSF.Losses.PolicyLoss.mean": {
            "value": 0.024033650545225965,
            "min": 0.01570390132255852,
            "max": 0.03324325978755951,
            "count": 158
        },
        "FishSF.Losses.PolicyLoss.sum": {
            "value": 0.024033650545225965,
            "min": 0.01570390132255852,
            "max": 0.03324325978755951,
            "count": 158
        },
        "FishSF.Losses.ValueLoss.mean": {
            "value": 7.003648337863741,
            "min": 0.37831914247501464,
            "max": 27.868549982706707,
            "count": 158
        },
        "FishSF.Losses.ValueLoss.sum": {
            "value": 7.003648337863741,
            "min": 0.37831914247501464,
            "max": 27.868549982706707,
            "count": 158
        },
        "FishSF.Policy.LearningRate.mean": {
            "value": 1.9119993626999885e-06,
            "min": 1.9119993626999885e-06,
            "max": 0.0002978650507116499,
            "count": 158
        },
        "FishSF.Policy.LearningRate.sum": {
            "value": 1.9119993626999885e-06,
            "min": 1.9119993626999885e-06,
            "max": 0.0002978650507116499,
            "count": 158
        },
        "FishSF.Policy.Epsilon.mean": {
            "value": 0.10063729999999999,
            "min": 0.10063729999999999,
            "max": 0.19928834999999998,
            "count": 158
        },
        "FishSF.Policy.Epsilon.sum": {
            "value": 0.10063729999999999,
            "min": 0.10063729999999999,
            "max": 0.19928834999999998,
            "count": 158
        },
        "FishSF.Policy.Beta.mean": {
            "value": 4.180126999999981e-05,
            "min": 4.180126999999981e-05,
            "max": 0.004964488664999998,
            "count": 158
        },
        "FishSF.Policy.Beta.sum": {
            "value": 4.180126999999981e-05,
            "min": 4.180126999999981e-05,
            "max": 0.004964488664999998,
            "count": 158
        },
        "FishSF.Losses.CuriosityForwardLoss.mean": {
            "value": 0.04044528944151742,
            "min": 0.015164227255930503,
            "max": 1.2742357697242346,
            "count": 158
        },
        "FishSF.Losses.CuriosityForwardLoss.sum": {
            "value": 0.04044528944151742,
            "min": 0.015164227255930503,
            "max": 1.2742357697242346,
            "count": 158
        },
        "FishSF.Losses.CuriosityInverseLoss.mean": {
            "value": 0.6339866973104931,
            "min": 0.29426277577877047,
            "max": 1.9947133369934864,
            "count": 158
        },
        "FishSF.Losses.CuriosityInverseLoss.sum": {
            "value": 0.6339866973104931,
            "min": 0.29426277577877047,
            "max": 1.9947133369934864,
            "count": 158
        },
        "FishSF.Agent.avgGroupSize.mean": {
            "value": 75.0,
            "min": 3.5714285373687744,
            "max": 75.0,
            "count": 80
        },
        "FishSF.Agent.avgGroupSize.sum": {
            "value": 75.0,
            "min": 3.5714285373687744,
            "max": 75.0,
            "count": 80
        },
        "FishSF.Agent.maximumGroupSize.mean": {
            "value": 75.0,
            "min": 15.0,
            "max": 75.0,
            "count": 80
        },
        "FishSF.Agent.maximumGroupSize.sum": {
            "value": 75.0,
            "min": 15.0,
            "max": 75.0,
            "count": 80
        },
        "FishSF.Agent.TotalScore.mean": {
            "value": -111691.328125,
            "min": -111691.328125,
            "max": -2186.1767578125,
            "count": 80
        },
        "FishSF.Agent.TotalScore.sum": {
            "value": -111691.328125,
            "min": -111691.328125,
            "max": -2186.1767578125,
            "count": 80
        },
        "FishSF.Agent.TotalWallHit.mean": {
            "value": 475.0,
            "min": 43.0,
            "max": 475.0,
            "count": 80
        },
        "FishSF.Agent.TotalWallHit.sum": {
            "value": 475.0,
            "min": 43.0,
            "max": 475.0,
            "count": 80
        },