{
    "name": "root",
    "gauges": {
        "FishSF.Policy.Entropy.mean": {
            "value": 1.4349777698516846,
            "min": 1.4189382791519165,
            "max": 1.439966082572937,
            "count": 200
        },
        "FishSF.Policy.Entropy.sum": {
            "value": 13775.787109375,
            "min": 13645.5380859375,
            "max": 20717.876953125,
            "count": 200
        },
        "FishSF.Environment.LessonNumber.food_cluster.mean": {
            "value": 0.0,
            "min": 0.0,
            "max": 0.0,
            "count": 200
        },
        "FishSF.Environment.LessonNumber.food_cluster.sum": {
            "value": 0.0,
            "min": 0.0,
            "max": 0.0,
            "count": 200
        },
        "FishSF.Step.mean": {
            "value": 1999936.0,
            "min": 9984.0,
            "max": 1999936.0,
            "count": 200
        },
        "FishSF.Step.sum": {
            "value": 1999936.0,
            "min": 9984.0,
            "max": 1999936.0,
            "count": 200
        },
        "FishSF.Policy.ExtrinsicValueEstimate.mean": {
            "value": -0.5766777396202087,
            "min": -6.853614330291748,
            "max": 0.15567968785762787,
            "count": 200
        },
        "FishSF.Policy.ExtrinsicValueEstimate.sum": {
            "value": -89.96172332763672,
            "min": -1069.163818359375,
            "max": 24.28603172302246,
            "count": 200
        },
        "FishSF.Policy.CuriosityValueEstimate.mean": {
            "value": 0.05765978991985321,
            "min": 0.031039562076330185,
            "max": 0.815711259841919,
            "count": 200
        },
        "FishSF.Policy.CuriosityValueEstimate.sum": {
            "value": 8.994927406311035,
            "min": 4.842171669006348,
            "max": 127.2509536743164,
            "count": 200
        },
        "FishSF.IsTraining.mean": {
            "value": 1.0,
            "min": 1.0,
            "max": 1.0,
            "count": 200
        },
        "FishSF.IsTraining.sum": {
            "value": 1.0,
            "min": 1.0,
            "max": 1.0,
            "count": 200
        },
        "FishSF.Losses.PolicyLoss.mean": {
            "value": 0.025456065866386608,
            "min": 0.015753028958681085,
            "max": 0.029556284348169964,
            "count": 138
        },
        "FishSF.Losses.PolicyLoss.sum": {
            "value": 0.025456065866386608,
            "min": 0.015753028958681085,
            "max": 0.029556284348169964,
            "count": 138
        },
        "FishSF.Losses.ValueLoss.mean": {
            "value": 3.2141225252832686,
            "min": 0.3190958095448358,
            "max": 11.515447355452038,
            "count": 138
        },
        "FishSF.Losses.ValueLoss.sum": {
            "value": 3.2141225252832686,
            "min": 0.3190958095448358,
            "max": 11.515447355452038,
            "count": 138
        },
        "FishSF.Policy.LearningRate.mean": {
            "value": 1.920099359999988e-06,
            "min": 1.920099359999988e-06,
            "max": 0.0002978400007199999,
            "count": 138
        },
        "FishSF.Policy.LearningRate.sum": {
            "value": 1.920099359999988e-06,
            "min": 1.920099359999988e-06,
            "max": 0.0002978400007199999,
            "count": 138
        },
        "FishSF.Policy.Epsilon.mean": {
            "value": 0.10064000000000003,
            "min": 0.10064000000000003,
            "max": 0.19928000000000004,
            "count": 138
        },
        "FishSF.Policy.Epsilon.sum": {
            "value": 0.10064000000000003,
            "min": 0.10064000000000003,
            "max": 0.19928000000000004,
            "count": 138
        },
        "FishSF.Policy.Beta.mean": {
            "value": 4.193599999999981e-05,
            "min": 4.193599999999981e-05,
            "max": 0.004964071999999999,
            "count": 138
        },
        "FishSF.Policy.Beta.sum": {
            "value": 4.193599999999981e-05,
            "min": 4.193599999999981e-05,
            "max": 0.004964071999999999,
            "count": 138
        },
        "FishSF.Losses.CuriosityForwardLoss.mean": {
            "value": 0.026181138564078582,
            "min": 0.013913140809606938,
            "max": 1.1713652163743973,
            "count": 138
        },
        "FishSF.Losses.CuriosityForwardLoss.sum": {
            "value": 0.026181138564078582,
            "min": 0.013913140809606938,
            "max": 1.1713652163743973,
            "count": 138
        },
        "FishSF.Losses.CuriosityInverseLoss.mean": {
            "value": 0.30263916225660414,
            "min": 0.14346140605353175,
            "max": 2.028576059000833,
            "count": 138
        },
        "FishSF.Losses.CuriosityInverseLoss.sum": {
            "value": 0.30263916225660414,
            "min": 0.14346140605353175,
            "max": 2.028576059000833,
            "count": 138
        },
        "FishSF.Agent.avgGroupSize.mean": {
            "value": 10.714285850524902,
            "min": 2.777777671813965,
            "max": 25.0,
            "count": 80
        },
        "FishSF.Agent.avgGroupSize.sum": {
            "value": 10.714285850524902,
            "min": 2.777777671813965,
            "max": 25.0,
            "count": 80
        },
        "FishSF.Agent.maximumGroupSize.mean": {
            "value": 42.0,
            "min": 6.0,
            "max": 69.0,
            "count": 80
        },
        "FishSF.Agent.maximumGroupSize.sum": {
            "value": 42.0,
            "min": 6.0,
            "max": 69.0,
            "count": 80
        },
        "FishSF.Agent.TotalScore.mean": {
            "value": -69474.015625,
            "min": -69474.015625,
            "max": -2416.70361328125,
            "count": 80
        },
        "FishSF.Agent.TotalScore.sum": {
            "value": -69474.015625,
            "min": -69474.015625,
            "max": -2416.70361328125,
            "count": 80
        },
        "FishSF.Agent.AverageScore.mean": {
            "value": -926.3201904296875,
            "min": -926.3201904296875,
            "max": -32.222713470458984,
            "count": 80
        },
        "FishSF.Agent.AverageScore.sum": {
            "value": -926.3201904296875,
            "min": -926.3201904296875,
            "max": -32.222713470458984,
            "count": 80
        },
        "FishSF.Agent.TotalWallHit.mean": {
            "value": 5280.0,
            "min": 971.0,
            "max": 5280.0,
            "count": 80
        },
        "FishSF.Agent.TotalWallHit.sum": {
            "value": 5280.0,
            "min": 971.0,
            "max": 5280.0,
            "count": 80
        },
        "FishSF.Agent.TotalAgentHit.mean": {
            "value": 100568.0,
            "min": 518.0,
            "max": 100568.0,
            "count": 80
        },
        "FishSF.Agent.TotalAgentHit.sum": {
            "value": 100568.0,
            "min": 518.0,
            "max": 100568.0,
            "count": 80
        },
        "FishSF.Agent.avgNeighbors.mean": {
            "value": 9.033415794372559,
            "min": 0.0,
            "max": 9.963818550109863,
            "count": 80
        },
        "FishSF.Agent.avgNeighbors.sum": {
            "value": 9.033415794372559,
            "min": 0.0,
            "max": 9.963818550109863,
            "count": 80
        },
        "FishSF.Agent.FoodEaten.mean": {
            "value": 11749.0,
            "min": 133.0,
            "max": 11749.0,
            "count": 80
        },
        "FishSF.Agent.FoodEaten.sum": {
            "value": 11749.0,
            "min": 133.0,
            "max": 11749.0,
            "count": 80
        },
        "FishSF.Agent.TotalTimesEatenByPredator.mean": {
            "value": 332.0,
            "min": 12.0,
            "max": 332.0,